epoch,train_loss,val_loss,val_dice,val_miou,val_hd95,val_assd,lr
1,0.5050685794892388,0.4227206242484087,0.7259915626011927,0.6114813984139477,63.17136133948206,19.28644543666431,0.0001
2,0.4033668334872844,0.4132009285122323,0.7391421056149471,0.6263711078320974,58.631639986139945,16.474411775454946,0.0001
3,0.37224004062595195,0.3741817374469182,0.7590935333487661,0.6500301861931711,58.20538871903923,17.140540383888823,0.0001
4,0.3545806523050104,0.3723817765712738,0.7609565642118683,0.6507773150847053,56.21733469312314,15.826106803501064,0.0001
5,0.3441358523989491,0.3873373489806106,0.7524483763470183,0.6396988109271052,57.1939411735072,16.464554156181542,0.0001
6,0.3284514279445624,0.3800110655456948,0.7540408729490516,0.6439318868384774,57.41911062416977,16.1806200804503,0.0001
7,0.31737604409852505,0.3653377118057379,0.7651716831603695,0.6576211769052865,54.647405188714984,15.092556024440887,0.0001
8,0.307505818244208,0.3551941149394605,0.7749824508232769,0.6684513859187282,53.06456207523007,14.662189595571048,0.0001
9,0.3015238975544256,0.38600289272196464,0.7527566953427398,0.6416999012432713,57.45257482880901,15.997513260569283,0.0001
10,0.29451022872230737,0.3533649489533302,0.7734252406544887,0.6667134472314263,54.32280346209428,14.467610433027808,0.0001
11,0.2819291784097633,0.36157611928172617,0.7721525125851137,0.6655916570842578,56.309295803772905,14.866059840293579,0.0001
12,0.27636092121239053,0.3689286996865406,0.7668671444956346,0.6601213530014919,55.91016847644406,15.813778085254597,0.0001
13,0.26666724064535324,0.36425444916639915,0.769727155583648,0.6641454507572699,54.2104455063562,15.391342828068234,0.0001
14,0.26458944133147233,0.3703562457468257,0.7666669997812396,0.6581394847952858,53.518156057367875,14.423198915120373,5e-05
15,0.23623024674876741,0.3514226178883174,0.7772708879078654,0.6713774351360012,52.34266676708627,14.382374233512671,5e-05
16,0.2255064842999607,0.3637651987581946,0.7691368862778105,0.6633885078262155,52.06615636582474,14.847867396601778,5e-05
17,0.21873653598228812,0.35750197365297287,0.7748468194520527,0.6690016596006987,53.349345523583665,14.55120971470569,5e-05
18,0.21233015230604615,0.34590002777856155,0.782895290915144,0.6784019782454613,51.494333006644,13.627692581273491,5e-05
19,0.2079025947438661,0.36317148688119216,0.7699813042435822,0.6632547881095128,53.78927687083762,15.261434420196197,5e-05
20,0.20283672657773744,0.3579416809468296,0.7748516277781016,0.6700895967069916,51.17307208282856,15.051143798714008,5e-05
21,0.19869492531990654,0.371480910971178,0.7700859167844967,0.6628642906834089,52.85525776439758,14.126051171861146,5e-05
22,0.19476332186484688,0.36412925277342345,0.7726623581643501,0.666681164411191,52.99373532199688,14.515770217424528,5e-05
23,0.19040685892105103,0.3624751621118471,0.775966216312091,0.6694986069972888,53.56618530826371,14.400297186723286,5e-05
24,0.18697083067276662,0.3713930625489304,0.7713554057264812,0.664500084749126,53.08554888783593,15.783191980692683,2.5e-05
25,0.17561426222783189,0.3618814504013381,0.7764886597406085,0.6712211573030781,51.1395765278532,13.933055858670157,2.5e-05
26,0.16992922585022208,0.3587213376713865,0.7796333424997733,0.6740578192246222,51.457578148158944,13.827108599149575,2.5e-05
27,0.16749120217424077,0.3709995416955575,0.7749822635122432,0.6674726118633135,51.272742648015665,13.767592580323216,2.5e-05
28,0.16450058905038906,0.36010122931869337,0.7817679255822214,0.6755191771360413,51.16122958773075,13.51122079902176,2.5e-05
29,0.16238314993653455,0.3626458946220036,0.7785939801608732,0.6729736955181123,51.16379253790652,13.807051558840977,2.5e-05
30,0.15834225187608628,0.36272696376512836,0.7794687994552965,0.6738314281101726,50.93834292791814,13.842153481407788,1.25e-05
31,0.15318832404134655,0.36341870047526653,0.7786820969388585,0.6724414825862044,51.02815624170267,13.70833063161544,1.25e-05
32,0.1521272069929028,0.36669105291366577,0.7773034347772402,0.6715090929875879,52.32437963100406,13.757358168974818,1.25e-05
33,0.14963205457985027,0.3681157201362056,0.7773916929651039,0.6710831227924983,51.40116761749927,13.491626247900497,1.25e-05
