dataset,metric,method_a,method_b,difference_a_minus_b,ci_95_lower,ci_95_upper,raw_p_value,holm_p_value,n_clusters
qata,dice,unet,tripath_lesionnet,0.003113373221834271,-0.0010893644693535658,0.0074183162525677734,0.15805841941580584,0.15805841941580584,474
qata,dice,unet,panoptic_fpn,-0.01887091930361092,-0.02287038330160097,-0.015150213209141875,9.99990000099999e-06,2.999970000299997e-05,474
qata,dice,tripath_lesionnet,panoptic_fpn,-0.02198429252544519,-0.026084408036496216,-0.01821256514825053,9.99990000099999e-06,2.999970000299997e-05,474
mosmed,dice,unet,tripath_lesionnet,-0.013087848293079195,-0.020816253116802123,-0.005074561237797631,0.006379936200637993,0.017759822401775982,86
mosmed,dice,unet,panoptic_fpn,-0.013740848463424693,-0.021616815049720736,-0.0050742288806564576,0.005919940800591994,0.017759822401775982,86
mosmed,dice,tripath_lesionnet,panoptic_fpn,-0.0006530001703454963,-0.006183278673179468,0.005270723529239597,0.8177818221817782,0.8177818221817782,86
busi,dice,unet,tripath_lesionnet,-0.10035042401846601,-0.1368007046734382,-0.0659420846071371,9.99990000099999e-06,2.999970000299997e-05,130
busi,dice,unet,panoptic_fpn,-0.1312661777684688,-0.16747850129659092,-0.09658417191290754,9.99990000099999e-06,2.999970000299997e-05,130
busi,dice,tripath_lesionnet,panoptic_fpn,-0.030915753750002797,-0.05200447215745525,-0.011792523378593822,0.0015199848001519985,0.0015199848001519985,130
