epoch,train_loss,train_dice,train_miou,val_loss,val_dice,val_miou,val_hd95,val_assd,learning_rate
1,1.0734254461793147,0.2514368266417875,0.1763727431400441,1.5656781536217959,0.10113187711600649,0.059763449668304595,168.84552592089227,83.90949032650745,0.0003
2,0.725869809502452,0.4288959111783649,0.31406370340446427,0.6970561016819843,0.39744357979947803,0.3061174750198036,139.41883634342176,106.18258313862236,0.0003
3,0.5929604259758061,0.49036938950573045,0.3665972087630428,0.506182521990835,0.5558629817493448,0.43502177035508494,88.66874687102448,52.415814967054885,0.0003
4,0.5166635832835719,0.5498672846324938,0.4202268525258236,0.46789350607848,0.5882327296095528,0.46002694002823646,89.39777996737755,49.94376007977083,0.0003
5,0.46141987212881325,0.5975738281783096,0.46436736865005407,0.4114179014136644,0.6394671782748923,0.5092870179793928,58.81845997714916,26.5615386161837,0.0003
6,0.43032461264835326,0.6223946847320285,0.4903211385045811,0.44378897346539137,0.6057053914877588,0.48082075382261036,82.94229551324764,47.289396695377015,0.0003
7,0.4173450631784,0.632171759797945,0.4999912861150018,0.4243453706292866,0.6209630910264545,0.4981318241671512,67.74177552314191,42.10860558016391,0.0003
8,0.39837699077110245,0.6478216128865468,0.5155584362910512,0.38335696476547887,0.6580482293048221,0.53166789784857,55.82203720807148,29.98166263273827,0.0003
9,0.38506416855262593,0.6591307783044901,0.5280406876186599,0.43545814642780706,0.6104354468308543,0.48619195689325745,66.86079626297334,42.36691595224159,0.0003
10,0.37169297136801627,0.6712959301567296,0.5399271219388453,0.35076470659444753,0.6872052413920788,0.5583244979517956,47.38785556054988,18.85109088386196,0.0003
11,0.35623839016222875,0.6844718318351493,0.5540766032052067,0.35365793623831504,0.6856170980008298,0.5571678930070908,51.55029428653542,19.635184406845784,0.0003
12,0.36076991388068574,0.6805430142057447,0.5497656134805319,0.35830659332346315,0.6802031556037799,0.5571555054706075,50.59308001615149,26.523917760446817,0.0003
13,0.348293268735193,0.6904339956936831,0.5611726259652692,0.3714733677884261,0.6701906073829947,0.5485758186750609,49.55302180356618,23.186671372358802,0.0003
14,0.34805274441548095,0.6906665898134072,0.5615114335137135,0.3366932045131308,0.7010614436878493,0.5742835791214652,47.14837116608715,17.415962436918917,0.0003
15,0.3419834279795556,0.6969454235910414,0.56852551731457,0.3307611555952229,0.707784602789366,0.5782519583025568,46.56072955465414,15.874998855969451,0.0003
16,0.33490245489730047,0.701920044244633,0.5731049264692633,0.33959589666714657,0.6988004186879033,0.5749508573479729,48.53965315821764,18.961918421266713,0.0003
17,0.3222203791687715,0.7133939880685708,0.5858379649883829,0.3429965863784336,0.6997680316255076,0.5728336824977971,50.30558833959984,16.798144528296195,0.0003
18,0.32406745593299296,0.7125959054301285,0.5845359720861516,0.34334451026651897,0.6934629014482214,0.5694395003657047,45.5603521691919,23.556491429520438,0.0003
19,0.32435741808952473,0.7111888145526524,0.5834671398208723,0.3058062202086165,0.7271293757709267,0.6033677180517184,37.48912628233814,15.18697521753467,0.0003
20,0.32069846112089057,0.7147723309362877,0.5872117009222986,0.333529632956267,0.705257002767218,0.576530767250934,49.72928274399268,18.35367060121742,0.0003
21,0.3244737990260261,0.7105818735638298,0.5837789233197871,0.30357125928322837,0.7310070763736349,0.6075441792300419,37.566648170390756,13.2026500103532,0.0003
22,0.3129546689072289,0.7216311997700939,0.5937770545687463,0.30476237332248035,0.7292658138329704,0.6066924036231139,37.52273565465295,15.141671006032201,0.0003
23,0.307159555531859,0.7270102836148982,0.6008821724479824,0.30717699986709884,0.728043472330412,0.6024115408858118,35.87957343282515,12.861953318578996,0.0003
24,0.3089079128200656,0.7246532105634849,0.5979736857670962,0.32051708446964794,0.7150330497143743,0.5908567336658591,42.713093697236765,14.37847700138708,0.0003
25,0.30726113167825025,0.726939550755633,0.6005619370377487,0.30221299394044504,0.7299355152542586,0.6096884718748743,36.24218506243294,15.0514153140472,0.0003
26,0.30470373219504254,0.7293962659431623,0.6033149797209076,0.2925855906454322,0.7393411681635702,0.6185118800169817,33.633338370972695,15.787200621756382,0.0003
27,0.3036223547565159,0.7301443441080747,0.6038794534586003,0.30983993445162916,0.721259441746727,0.600848853178919,38.14833126290329,17.286347581781534,0.0003
28,0.2948504069485069,0.7379443221485492,0.6131275776871837,0.3531404164378921,0.686187649891633,0.5653511075733455,52.198120971747024,23.57520085414718,0.0003
29,0.2947753131526169,0.737341681843088,0.6126334380106692,0.3033577618562111,0.7287922415635133,0.6082222724942921,39.698157407722746,18.140104300547726,0.0003
30,0.292764268994741,0.7392599053535811,0.615050812903685,0.28421688604955,0.7469014382198692,0.6267458088610756,33.76773583620462,14.743700410915695,0.0003
31,0.2914331995573787,0.7399185454176327,0.6150500691428626,0.32513091145445605,0.7090887521442614,0.5842522186327308,47.512083402423926,16.399633241143313,0.0003
32,0.2898141691228642,0.7420261011363988,0.6173031609356062,0.2890748066030596,0.7426471757943351,0.6209992619073637,34.350859164682376,11.784437989714723,0.0003
33,0.2897301820476986,0.7424690160145055,0.6174009328991823,0.2779285802550665,0.7519459687599601,0.6327645415845125,33.83057345224782,13.408207787023171,0.0003
34,0.28877288785860167,0.7433617147110309,0.6188573660104955,0.28706050120311144,0.7438143119386459,0.6228137834666796,39.27252119209959,12.090053366181523,0.0003
35,0.2862166163403827,0.7457248555562477,0.6218974431219243,0.2910812224007853,0.7428101707650541,0.6204551201936036,36.18255906948171,13.175390959323925,0.0003
36,0.28535531502204253,0.7456535066799064,0.6220332013372704,0.29393358399038727,0.7343863030592964,0.6162792802948155,36.192842088285076,19.043306549924292,0.0003
37,0.2895803679749455,0.7420500068320441,0.6174182497895188,0.2850792447373578,0.7448271324760035,0.6283032663626856,37.39652334309079,19.90975641531273,0.0003
38,0.28226939096347026,0.7488667341578594,0.6251175683525146,0.28899416787809856,0.7413787646751927,0.6237969485791379,36.03327938087602,16.96103446278655,0.0003
39,0.27246043336964965,0.7571405997800663,0.6352285640346226,0.2858961062416332,0.7471873479249548,0.6269877690745164,34.712408588755586,11.241403350406376,0.0003
40,0.2628047596001816,0.7662822559117451,0.6451028042642521,0.2607468236877116,0.7666095879858091,0.6492306686920759,30.206074945813,11.718872091356472,0.00015
41,0.2552241861717807,0.7726509491192926,0.6537648646965333,0.2650860754657937,0.7640481887201969,0.6467862792091457,30.322647856658698,11.56265463261318,0.00015
42,0.25737095454372766,0.7707700710252935,0.6500318600686282,0.269088219365348,0.7613071566042693,0.6442220123736209,28.99452345517594,11.980616321223815,0.00015
43,0.2605102562685876,0.7678338597866814,0.6481934322251214,0.27361977182209357,0.7543817237531021,0.6391176569107195,34.58941060537649,16.596601812246448,0.00015
44,0.25100468828813316,0.776765589998077,0.6577543507053817,0.2576912477510199,0.7707154516224457,0.652656726897172,25.975662413237014,9.033228159630912,0.00015
45,0.24977914203824592,0.7777598666844363,0.6589022068496695,0.24988724366341902,0.7772587775092922,0.6623202660536602,26.108249102732056,9.973168053342086,0.00015
46,0.2514453298857122,0.7757740025531249,0.6563571884733158,0.2541712389180535,0.7730365531941028,0.6570685138964271,26.688973538646124,10.120914110617049,0.00015
47,0.25021831720282256,0.7776740852909809,0.6588776158030227,0.2676119724932197,0.7613818701399273,0.6455652760149958,32.48006155749505,13.897927879490885,0.00015
48,0.2446915618435214,0.7824967845608688,0.6644548591469571,0.25847278930911755,0.7698112536622403,0.6516305283223465,29.547620180645225,10.381717576402464,0.00015
49,0.24734006371489914,0.7803002184882061,0.661447963763758,0.2553133592350532,0.772049459767287,0.6577245758109016,32.58809037420146,15.86162242350999,0.00015
50,0.2461139255577756,0.7811428867664534,0.6632348400757212,0.25188812323647725,0.7761992979922611,0.6601142682800031,28.150981173610486,9.881046098894027,0.00015
51,0.24454419364361146,0.7823359947160894,0.6654015397834341,0.25817313964225064,0.769892131982188,0.6543215053577991,29.175679794667094,12.748405623716538,0.00015
52,0.23659158855642512,0.7894981476859129,0.6730695284245897,0.2514873920029852,0.7746513582749006,0.6606230794428688,29.341807961637432,12.509807156268034,7.5e-05
53,0.23106530260930494,0.7944243288122091,0.6792426103169156,0.24639099328277858,0.7797246755397019,0.6650972680041665,28.03388640268963,12.046142532760227,7.5e-05
54,0.23328740411744223,0.7925535801623149,0.6773751630679302,0.250269925839841,0.7765977519054981,0.662050469652739,30.435362255323277,13.312607193087521,7.5e-05
55,0.23192099745535769,0.793518107098539,0.6778444864905577,0.2512723157689555,0.7747039448478402,0.6615118608049179,28.201766895617126,13.427079287310605,7.5e-05
56,0.2309791544390435,0.7943735078301489,0.6794249430418288,0.24812190504041362,0.7773729306336671,0.6650768575733804,28.964924275598502,15.233060020738838,7.5e-05
57,0.22884780557704545,0.7968995274137386,0.6815306179029152,0.2449477274030515,0.7819880211653372,0.6676920143635923,25.656348988013274,10.634064626640276,7.5e-05
58,0.22748608457058975,0.7980636000496688,0.683337262269421,0.24568961768728645,0.7814640597838832,0.6669315555275714,26.13739788516248,8.433432074130346,7.5e-05
59,0.22694346837844498,0.7984627438847824,0.6843518726058295,0.24583981871536723,0.7799871617105515,0.666370853952194,28.760837139858488,12.263176585499982,7.5e-05
60,0.22739567264556065,0.7976492768300768,0.6828378733217648,0.24951991186534786,0.7765750430814189,0.663164504605518,28.778467142166086,13.45181283063562,7.5e-05
61,0.22700151157611287,0.7983006144716978,0.6832327420768869,0.24570694847087837,0.7801297933067828,0.6662334074144778,28.034529776014118,10.922773778989148,7.5e-05
62,0.22472624907447164,0.8004354071917539,0.685657832664859,0.2441958654629284,0.7817606664085824,0.6687777275624482,25.26163915359657,8.564920940264367,7.5e-05
63,0.22326989552136275,0.8019809273646596,0.6878754702766873,0.24847544088652804,0.7772266791123275,0.6644075747485565,28.245568036138497,14.15159186030485,7.5e-05
64,0.2181523887425627,0.806108666449478,0.6927374165082715,0.24197997439234972,0.7840259212923814,0.6714861188382252,24.80487542576906,10.357683290906781,3.75e-05
65,0.2170002030855192,0.8069596526822137,0.6940543004327623,0.2409442530719039,0.7843568383692604,0.67199680011387,25.079652857223845,11.47340664874607,3.75e-05
66,0.21936972328341156,0.8051924107410654,0.6919107652202094,0.24249286472251813,0.7826955720816379,0.670651750515473,30.146448536486865,14.092719404191213,3.75e-05
67,0.21860397288752859,0.80589608501596,0.6933199624015703,0.2486872748563437,0.7765525869974009,0.6650565598049207,30.409302549841517,15.485922565138429,3.75e-05
68,0.2165858311000422,0.8075127570216735,0.694916452397459,0.24636219866420367,0.7788562338193985,0.6673998014332228,28.910521738317282,14.110405117361248,3.75e-05
69,0.21524553526649498,0.8091726180204412,0.6965957114650075,0.24262592791488025,0.783085544676748,0.6707773349105084,26.949152918227757,11.661094397809903,3.75e-05
70,0.2149271888216746,0.8093151483612235,0.6966505285527425,0.24138190344964885,0.7846886238735382,0.6727308369064767,28.929021417851402,12.973261519410052,3.75e-05
71,0.2157575556878235,0.8084083504693205,0.6963464655280796,0.24243650130194438,0.7830566954830964,0.6709132123593607,28.857673788983842,13.303554833322028,3.75e-05
72,0.21466983358065286,0.8093332192878679,0.6968325205138732,0.24573072197781,0.780334398593728,0.6673609484796938,23.84336266136214,9.305316253283985,3.75e-05
73,0.2151939678437931,0.8088068704697957,0.6964802206723277,0.24166172446184356,0.7839219658816706,0.6723634451968719,27.23547775834883,12.708987324906378,3.75e-05
74,0.21216765198033016,0.8115663862310324,0.6997158489139902,0.2410858414845554,0.7846073206829534,0.6732835200885886,25.62825440901412,10.655382261831711,3.75e-05
75,0.21323984033531612,0.8104739205534106,0.6980290290689414,0.2432405549342354,0.7821184235797594,0.6705490761272421,26.010201602534636,11.92354105171854,3.75e-05
76,0.21170297239449426,0.8120409565010158,0.7004039123022816,0.24201344269023062,0.7835044459838344,0.6710868491460857,25.775345497044803,10.79257552268477,3.75e-05
77,0.20901503170683622,0.8148078724554177,0.7034994199923224,0.2435344715924503,0.7817704434798566,0.6707372475816129,27.132864972953683,12.811487636974727,1.875e-05
78,0.20739509110666496,0.8163137146424319,0.7052090791355976,0.24221111447028218,0.7828524445505383,0.6721586406367321,27.76450614352447,12.962208860022521,1.875e-05
79,0.20875712418406006,0.8146202283626569,0.7036266729047891,0.2412596629502026,0.7843880128260335,0.6734031998047294,25.386042771121527,10.645685935893463,1.875e-05
80,0.2094138071777348,0.8143167432913938,0.7036195733293226,0.23991813427114378,0.7848882632888428,0.673566284387008,27.5018246577851,12.82849887609598,1.875e-05
81,0.2081909530795044,0.8150465801136327,0.7037923887696326,0.2385644225459077,0.7864038409575718,0.6744861986053344,26.383484966769753,11.564113315432104,1.875e-05
82,0.20896676548021628,0.8148131389661616,0.7037643196246878,0.24169391821601025,0.7837435030282498,0.6723514946701871,27.81590063237091,13.030713611201532,1.875e-05
83,0.20629552745805438,0.8174887003904082,0.7067524551116314,0.24076148265763878,0.7846397561121314,0.6733612955571312,26.239238612790842,11.630537358737367,1.875e-05
84,0.20591253436512963,0.817281977554094,0.7063907588333882,0.24243450713785072,0.7825695674533975,0.6716332607465696,26.650978675397752,12.913957708889301,1.875e-05
85,0.20716221526452902,0.8160126308941487,0.705583458435631,0.2424824778970919,0.7826943818982733,0.6716676743134208,27.432980867020866,12.919289130622918,1.875e-05
86,0.20630685616399824,0.8169217092611263,0.7065077060140149,0.24549902532275264,0.779720724038183,0.6689130789355228,28.905483927882546,14.27768944233288,1.875e-05
87,0.2083045259578941,0.8155879744959041,0.705093474117751,0.24233391335408802,0.7828313277296943,0.6722457327067989,27.90413374469325,13.048317566301044,1.875e-05
88,0.20529449230138924,0.8182318075416014,0.7079059569696381,0.24015813769273955,0.7849596509671594,0.6745345154670611,27.751270984336863,12.859435940506872,9.375e-06
89,0.2055364799902338,0.8176811684652702,0.7077929057684414,0.23890092909267893,0.7861955007644758,0.6755931050062726,28.78194564976043,13.055847685645118,9.375e-06
90,0.20521738550029398,0.8181617026476516,0.7076149815000073,0.24079972229369445,0.7842222975920758,0.673447309014999,25.15936631560704,11.572178997803181,9.375e-06
91,0.20460600877886922,0.818981927011977,0.7082230409805718,0.23795014814190243,0.7871891772992551,0.6760037991493191,26.398555333925394,11.652939243033243,9.375e-06
92,0.2035728264066635,0.8196750791212127,0.7093049522664265,0.239497964012541,0.7855735781263705,0.6748683245285697,27.72497779679785,12.954615510025345,9.375e-06
93,0.2046001010914712,0.8186132595164942,0.7081842259989298,0.2397880614895024,0.7853131001001091,0.6743950388251507,27.480633357643715,12.844803272939707,9.375e-06
94,0.2045759618504214,0.8186426833186635,0.7086254522153193,0.2390440579853287,0.7863028293616167,0.6751079321998753,26.24274587038473,10.611314365461793,9.375e-06
95,0.20459584343884,0.8184806761189971,0.7084193538281243,0.23926926941293328,0.7857167356619846,0.6743678851585911,27.250310094841936,12.943575470464042,9.375e-06
96,0.20357186680943423,0.8197653816601118,0.7097080188108883,0.23919571017168753,0.7866294675888131,0.6753555619471133,27.751648256958063,12.880859827139005,9.375e-06
97,0.20347444388806343,0.8201263236289444,0.7100545755776343,0.24024206860250957,0.7848949823826893,0.6743046018024331,26.74015733109517,12.106712711601432,9.375e-06
98,0.20300203242594161,0.820471221638709,0.7106763842725808,0.24043277908517238,0.7850276756886759,0.6738416537540183,26.25607219864071,11.685535609753677,4.6875e-06
99,0.20302382480237902,0.8201924311199822,0.7100531139324621,0.2388672683243075,0.785930811949671,0.6757358454457683,27.604414393166216,12.869825559404608,4.6875e-06
100,0.20429917642545864,0.8189071959646297,0.7086902172021986,0.24032920999644278,0.7849068183375169,0.6741494956496651,27.059723591669925,11.889298112627383,4.6875e-06
