epoch,train_loss,val_dice,lr
1,2.876709668431105,0.6240726940026227,0.00029510565162951536
2,1.9166162154155648,0.6629087068218714,0.00028090169943749475
3,1.5821441997590808,0.7491122124660591,0.0002587785252292473
4,1.3615422230487608,0.7255867142790761,0.00023090169943749473
5,1.2164270904533008,0.7040809501794104,0.00019999999999999998
6,1.094054038246,0.7815434423420627,0.00016909830056250526
7,0.9932887433624668,0.7944759959270272,0.00014122147477075268
8,0.932226402973111,0.8025497908855836,0.00011909830056250527
9,0.8886716475096342,0.7893847795196811,0.00010489434837048466
10,0.8465739399757812,0.8148330448806661,0.0003
11,0.9666429041481418,0.7847682558797806,0.00029510565162951536
12,0.8963385691502613,0.7908696039645633,0.00028090169943749475
13,0.8548512921373356,0.7969945836851362,0.0002587785252292473
14,0.8126791722712774,0.800463198113892,0.00023090169943749473
15,0.7591041091691372,0.8019889277374103,0.00019999999999999998
16,0.728300752591386,0.8147698386804969,0.00016909830056250526
17,0.6831806548163972,0.7800973406865765,0.00014122147477075268
18,0.6459043414714538,0.8188597972448094,0.00011909830056250527
19,0.602052168382307,0.8160618982838951,0.00010489434837048466
20,0.5736582951165313,0.8169158322982975,0.0003
21,0.7419644235480157,0.7879702311199474,0.00029510565162951536
22,0.7261727334236748,0.7783235293572561,0.00028090169943749475
23,0.6834207794063987,0.8047125556821002,0.0002587785252292473
24,0.6252854462684327,0.8067146624778017,0.00023090169943749473
25,0.5758473614531852,0.8012226634796388,0.00019999999999999998
26,0.5362183936331304,0.8101532510980348,0.00016909830056250526
27,0.49438376070904183,0.7977972836491108,0.00014122147477075268
28,0.46047312188098444,0.812841024617368,0.00011909830056250527
29,0.4325590305932341,0.8134461587504793,0.00010489434837048466
30,0.40236091451097655,0.8102378500684146,0.0003
31,0.5809999701024103,0.8046499936208599,0.00029510565162951536
32,0.6378724674314281,0.8046951233464742,0.00028090169943749475
33,0.5342729444100024,0.7814498046964428,0.0002587785252292473
34,0.47639374713367144,0.8002317257908527,0.00023090169943749473
35,0.434310960073084,0.803237861607607,0.00019999999999999998
36,0.39513615751867115,0.8064626107022344,0.00016909830056250526
37,0.37566058764180743,0.8023862739056453,0.00014122147477075268
38,0.35187747211119275,0.8000336962617136,0.00011909830056250527
39,0.3304784439551071,0.792213780509583,0.00010489434837048466
40,0.31751997724039893,0.8096168565116119,0.0003
41,0.47365595430573687,0.7675585395560722,0.00029510565162951536
42,0.5186277171629471,0.7765205671855667,0.00028090169943749475
43,0.4242262113669938,0.7903504186864496,0.0002587785252292473
44,0.3804257761105697,0.8031960387510215,0.00023090169943749473
45,0.33781078161686096,0.7812383241216314,0.00019999999999999998
46,0.31237905911001146,0.7939151824980536,0.00016909830056250526
47,0.2992415585932488,0.8016186799512534,0.00014122147477075268
48,0.2824921231427503,0.804973675705821,0.00011909830056250527
49,0.2685870596626741,0.7997613990532092,0.00010489434837048466
50,0.25930526822367445,0.7991417071217002,0.0003
51,0.5577701029033407,0.7351113860218403,0.00029510565162951536
52,0.5567414296766192,0.7696999350655237,0.00028090169943749475
53,0.4125775366583598,0.7856650716195663,0.0002587785252292473
54,0.34577578842181106,0.7810313343334399,0.00023090169943749473
55,0.3044941949836018,0.7990164546135675,0.00019999999999999998
56,0.27683845560729214,0.7911602236992668,0.00016909830056250526
57,0.2638699227150209,0.7896914029972298,0.00014122147477075268
58,0.2547817680700581,0.7963872677884459,0.00011909830056250527
59,0.2427057585697895,0.7940798560750493,0.00010489434837048466
60,0.23521543915159973,0.7950617740252703,0.0003
61,0.2716407997154372,0.7834355349387215,0.00029510565162951536
62,0.34606688397175955,0.779860411639644,0.00028090169943749475
63,0.3449741464298534,0.7709536692994386,0.0002587785252292473
64,0.27535448331278967,0.7958055061005979,0.00023090169943749473
65,0.2511326184820845,0.7828162131065919,0.00019999999999999998
66,0.23578064303201257,0.7907540796518826,0.00016909830056250526
67,0.22299434116372202,0.7921224001656887,0.00014122147477075268
68,0.2146748812195302,0.7940895908607979,0.00011909830056250527
69,0.20722590657987322,0.7940332120827981,0.00010489434837048466
70,0.2022007796796074,0.79553452761879,0.0003
71,0.23811339434207612,0.7774154301120152,0.00029510565162951536
72,0.3574171862750724,0.75159197390872,0.00028090169943749475
73,0.4054209309662031,0.783969042724959,0.0002587785252292473
74,0.29928902124215706,0.7907138785087954,0.00023090169943749473
75,0.2685823948588548,0.787706077974772,0.00019999999999999998
76,0.24727463876558736,0.7908867793620425,0.00016909830056250526
77,0.2212420791450124,0.7808318770040241,0.00014122147477075268
78,0.208414875299385,0.7913321129002715,0.00011909830056250527
79,0.1976409504950005,0.7902288648780198,0.00010489434837048466
80,0.19376302728959946,0.7859705010438149,0.0003
81,0.22897484828701714,0.7887775188062973,0.00029510565162951536
82,0.28406178878269633,0.7781670502718718,0.00028090169943749475
83,0.2614699650824362,0.7868352990787791,0.0002587785252292473
84,0.24822401069235017,0.7914557701395141,0.00023090169943749473
85,0.2157702434930541,0.7903623083740619,0.00019999999999999998
86,0.20484520651353164,0.7911095394797889,0.00016909830056250526
87,0.19016684282067942,0.7867023011368417,0.00014122147477075268
88,0.1889942422290212,0.7932588796752412,0.00011909830056250527
89,0.18184618299411176,0.7900088159999621,0.00010489434837048466
90,0.17701796399516773,0.7922817065717458,0.0003
91,0.20202726816029878,0.7815776038119808,0.00029510565162951536
92,0.23401265329126714,0.7458789209705537,0.00028090169943749475
93,0.5001523947281967,0.7319718631853833,0.0002587785252292473
94,0.30778547242398524,0.7716954518982878,0.00023090169943749473
95,0.23792883126029943,0.7759550481596721,0.00019999999999999998
96,0.2136017878919819,0.784529742700725,0.00016909830056250526
97,0.2022410388944698,0.7819641604133216,0.00014122147477075268
98,0.19327121802023695,0.786857291649404,0.00011909830056250527
99,0.18363321877551964,0.7855003802320856,0.00010489434837048466
100,0.18269117906470664,0.783006053024276,0.0003
101,0.20300668735575894,0.7768939573753122,0.00029510565162951536
102,0.22074929972559193,0.7759687142659101,0.00028090169943749475
103,0.21327627138961355,0.7829266107524501,0.0002587785252292473
104,0.19671271130327914,0.7893745884601681,0.00023090169943749473
105,0.36534530130860854,0.7642677255741277,0.00019999999999999998
106,0.27195312723027315,0.7181866675344191,0.00016909830056250526
107,0.22982493968924247,0.7781687099838523,0.00014122147477075268
108,0.21030413351582847,0.7844806940427104,0.00011909830056250527
109,0.19303839999408134,0.7837637178208796,0.00010489434837048466
110,0.18130540748715318,0.7813454213636251,0.0003
111,0.20201133014314904,0.7779406692449491,0.00029510565162951536
112,0.21100881670720933,0.7601926753869668,0.00028090169943749475
113,0.20612306062828167,0.7619675223104933,0.0002587785252292473
114,0.22451695893676737,0.7283931387480195,0.00023090169943749473
115,0.22093442933304147,0.7715642345877608,0.00019999999999999998
116,0.18887623176865015,0.7877965824348765,0.00016909830056250526
117,0.18301795029907147,0.7853636890962626,0.00014122147477075268
118,0.17204139635561227,0.785448713557882,0.00011909830056250527
119,0.16612061105298362,0.7850603874201871,0.00010489434837048466
