epoch,train_loss,val_loss,val_dice,val_miou,val_hd95,val_assd,lr
1,0.679917203616223,0.44619804458184675,0.6828255265482776,0.5529772993683842,37.63448473558161,16.588511736645028,0.0001
2,0.3996286654090445,0.35230481841347433,0.7071082456935591,0.5804098051409313,37.76685214496104,10.56906725240687,0.0001
3,0.3309821300975791,0.3195440649986267,0.7241488032256519,0.6022673032045177,37.72724789606665,20.73425410183449,0.0001
4,0.30099256646987776,0.31534005349332633,0.7205723621574787,0.5975007025423918,38.78743971310777,20.770784996579856,0.0001
5,0.28582201792391815,0.27910839156671,0.7516923490994044,0.6306136979657231,26.919159930331247,9.082334585675389,0.0001
6,0.2684358036490818,0.29895398887720975,0.7314291555447426,0.6085418630370107,31.950120954247502,16.35726514141003,0.0001
7,0.2625037716782611,0.2796069291504947,0.7481785452294941,0.629212249805758,26.513213622190808,11.57160012238582,0.0001
8,0.25313108122867084,0.26309300010854547,0.7646166454226858,0.6479408789254066,28.289647658778573,12.157082618490387,0.0001
9,0.24507313366612798,0.26525191610509696,0.7616879983178245,0.6460013399486012,30.62351048034907,14.706473994916891,0.0001
10,0.24046764766597092,0.26133703751997517,0.7671644099322364,0.6507888672543515,28.236313199303662,11.37387234280206,0.0001
11,0.23409810682728852,0.2693841896273873,0.7587449067665718,0.6394735220353109,25.93484289520284,9.24400242134992,0.0001
12,0.229545313515434,0.2523338225754825,0.7740898140574285,0.659588542891494,25.45814441976786,10.498149601909827,0.0001
13,0.22421655393028694,0.25350455099886116,0.7723570845081668,0.655313771832844,24.05640093044628,6.949482257072417,0.0001
14,0.2260057206012019,0.2558284569870342,0.7692552185373968,0.6554096553232295,28.553703429268143,12.44510780651868,0.0001
15,0.22043753284065892,0.2664140522480011,0.7585257670977102,0.6461639883885875,31.677066456772106,15.777189065392797,0.0001
16,0.22198166249818604,0.25769956437024205,0.7708207880500605,0.6535869040767626,26.42551959899203,10.905965289031284,0.0001
17,0.21901865859326292,0.24752108075402,0.7765683993938546,0.6637098624164212,23.02043881018841,9.54267968212024,0.0001
18,0.21408314453928093,0.24771624370054765,0.7776402982467043,0.6657175506682621,26.51248810387015,13.21090102947596,0.0001
19,0.20595106175616895,0.23981758085164157,0.7850905508560363,0.6718095580793467,23.51814257843425,8.355337267210787,0.0001
20,0.2073818502491617,0.2472351919520985,0.7770390884766616,0.6646184625536922,26.57253661011281,11.899864484480808,0.0001
21,0.20321703202664443,0.25081196210601114,0.7734160149825454,0.6597133369583399,26.090252576494404,12.245145602338317,0.0001
22,0.20150415439081956,0.24425257986242122,0.7797302919768239,0.6691207307905059,28.379690669520688,16.120080626275115,0.0001
23,0.19632163964365384,0.2389037945053794,0.7846316710702743,0.674539506862869,23.71409603316255,10.834339724223657,0.0001
24,0.19612160891089886,0.23938836346973072,0.7850949090775399,0.6732557370822078,22.804873267554957,10.133965458325962,0.0001
25,0.1991455452665857,0.23619616465135054,0.7884016331222907,0.6770923325698717,18.247950540540874,5.682381718786799,0.0001
26,0.1962200146790773,0.24055986512791028,0.7832125598634699,0.6722345670235953,22.48139259643585,9.1475824314051,0.0001
27,0.19093748265600313,0.23639949505979366,0.7889316089498629,0.6775983353639794,19.852515974539827,6.883826122512453,0.0001
28,0.1878673349692565,0.23872868364507502,0.7856925360463366,0.6753247714796757,22.809874512890797,8.821244623901373,0.0001
29,0.18840317131452758,0.24461063634265554,0.7795721199499203,0.6668785585515745,23.97020137986122,9.352641920066857,0.0001
30,0.1845127711034203,0.24065925804051486,0.7848701751567384,0.6724733968306408,22.995036724026942,9.30228158673945,0.0001
31,0.18443225327563778,0.23632434660738164,0.7876592084562867,0.6783043491127526,23.621871590653733,10.397677032763793,0.0001
32,0.18588946149332844,0.2354543615471233,0.7885378810500264,0.6795772296678567,22.779166265469602,11.53896113622752,0.0001
33,0.18131511298688108,0.23685707504099066,0.7865510365695749,0.676981868656507,22.46319477680894,10.304640156154761,5e-05
34,0.17158274696948053,0.23066527139056814,0.7918335506036145,0.6839035703750984,24.460522830234957,11.767224409209007,5e-05
35,0.16840495574938077,0.22993336753411728,0.792652679629491,0.684692478291495,23.45925398893373,11.430365250955665,5e-05
36,0.1648837885812982,0.22950074076652527,0.7935712844933681,0.6859747921473465,22.917459189437675,11.412799354773265,5e-05
37,0.16208458574194656,0.22843040878122503,0.7946268713282619,0.6872078978379066,21.962639871008584,9.354892371893282,5e-05
38,0.16135811123749758,0.23471258987079968,0.7879956000188574,0.6797024984692349,23.04155297974292,11.127967687114639,5e-05
39,0.15784292594791824,0.22614363323558462,0.7974571118534252,0.6887919701650334,20.68627492378689,7.574876065185285,5e-05
40,0.15866351509530702,0.22555994662371548,0.7972235523216369,0.6899280112495815,23.255390754494783,11.039109122527979,5e-05
41,0.15758334949305727,0.22677372856573624,0.795963217255385,0.6887450583770793,23.702763535581877,12.137828262303783,5e-05
42,0.1562068544208867,0.23456571210514415,0.7883075494391306,0.6807597209490965,28.903505867419057,16.233854737361316,5e-05
43,0.15439735110891767,0.22897745154120705,0.7933271359090689,0.6864416568153112,23.592697868651104,12.516442414123688,5e-05
44,0.15341180549333516,0.23079152432355013,0.7921369358014155,0.6841894837676868,24.31186480011196,12.345471425040305,5e-05
45,0.1513578126577818,0.22555095228281888,0.7977253720261236,0.689584038511153,18.313509302945164,6.689305780668237,5e-05
46,0.153345142949364,0.22650049491362137,0.7968515760590352,0.6886924158589899,23.183304399924424,10.43282957632956,5e-05
47,0.15053830294096224,0.2248826037753712,0.799044534555654,0.690986232265588,20.783682415138806,8.655539478703282,5e-05
48,0.15022018067623985,0.22070950703187422,0.8019923527101172,0.6941195823023296,19.036517014312214,7.6521090344027405,5e-05
49,0.1508506769719331,0.22820111567323859,0.7953709498206688,0.6871388224653461,21.5321680187459,9.16010532179353,5e-05
50,0.14926359337036343,0.22862561670216647,0.7950399271484071,0.6878507469182894,23.23494797243099,11.48890286266653,5e-05
51,0.14814061035553433,0.22633886499838396,0.7968574821869482,0.6895139039937703,23.46440449681155,10.145390383820606,5e-05
52,0.1466431795050405,0.22532491900704124,0.7984695993569751,0.6913748044953923,20.92633254107868,8.293884440803032,5e-05
53,0.14669269377907027,0.23275880921970715,0.7909363486299064,0.6853149895393713,25.575910769285496,13.315742512675524,5e-05
54,0.1460735887902825,0.22750273075970737,0.7967094021514346,0.6889689750415446,20.51717144170766,7.844948111503697,2.5e-05
55,0.1423354607152175,0.22609003294597974,0.7966479579438936,0.6893673872372377,19.521297314439263,8.879315781621951,2.5e-05
56,0.13963847206713678,0.2253057138486342,0.7981869516836204,0.6911310377864304,19.3563627898849,7.7379793734436415,2.5e-05
57,0.13766747140229704,0.22579219341278076,0.79810391038374,0.6910645974591391,20.677946507444833,8.919015648706099,2.5e-05
58,0.13785906869159412,0.22698788101022893,0.7966563096921511,0.6900034709784487,20.098247591086903,8.187188924955459,2.5e-05
59,0.1349642542734299,0.22528193159536883,0.7982735883050144,0.691888429844215,19.28792092153538,8.067501182658209,2.5e-05
60,0.13582950148484255,0.2292813620784066,0.7947221241539552,0.6877264518684352,20.07502224862461,8.23468891544184,1.25e-05
61,0.13334691074401891,0.22367255200039257,0.8001937150001194,0.6937040683041241,18.4593518425225,6.940797975003496,1.25e-05
62,0.13169629077343972,0.2253844765099612,0.7992378905369718,0.693082874120918,19.319863003870758,8.01247074127315,1.25e-05
63,0.1318878272305364,0.22349643436345187,0.8002870400887151,0.6940190458375024,18.883908625156185,7.7091060099728255,1.25e-05
