phase,method,dataset,metric,seed_1001_mean,seed_1002_mean,seed_1003_mean,three_seed_mean,three_seed_sample_sd,case_averaged_point_estimate,ci_95_lower,ci_95_upper,n_cases,n_clusters,evaluation
phase0,unet,qata,dice,0.7877954407107253,0.7846060857435999,0.780985135337514,0.7844622205972797,0.0034074312471922045,0.7844622205972795,0.7661878954060797,0.8005847490149826,2113,474,"shared evaluator, native mask grid"
phase0,unet,qata,miou,0.6901017861466701,0.6860885795269462,0.6836649894383906,0.6866184517040024,0.0032509477631827476,0.6866184517040023,0.6650003220420398,0.7071303454500159,2113,474,"shared evaluator, native mask grid"
phase0,unet,qata,hd95,31.492938063099306,31.306655110210777,31.957055366828722,31.585549513379604,0.3349444491172189,31.5855495133796,29.030217207868844,34.44506749412412,2113,474,"shared evaluator, native mask grid"
phase0,unet,qata,assd,8.937318180667969,9.531667282895066,9.868831370550215,9.445938944704418,0.47163674232172265,9.445938944704416,8.335201279242145,10.704653980110265,2113,474,"shared evaluator, native mask grid"
phase0,unet,mosmed,dice,0.7926594637721742,0.7945122206481207,0.7938943719347054,0.7936886854516668,0.0009433489319018149,0.7936886854516667,0.7626705211383537,0.8162998158869128,546,86,"shared evaluator, native mask grid"
phase0,unet,mosmed,miou,0.6820730034111456,0.6842446541933569,0.6827760855017978,0.6830312477021,0.0011080828449701022,0.6830312477021001,0.6448730746884151,0.7098698705414247,546,86,"shared evaluator, native mask grid"
phase0,unet,mosmed,hd95,33.24420513070895,26.886167419701472,28.01624879420097,29.382207114870464,3.391982087806916,29.382207114870464,22.026660833745137,39.53124617198997,546,86,"shared evaluator, native mask grid"
phase0,unet,mosmed,assd,13.93353659855196,8.27389505040905,9.089761530058107,10.432397726339707,3.0593936621560336,10.432397726339705,6.698624624920997,15.681718187509508,546,86,"shared evaluator, native mask grid"
phase0,tripath_lesionnet,qata,dice,0.7797933992823625,0.7787784915986261,0.7854361047863603,0.781335998555783,0.0035868736705020766,0.7813359985557828,0.763317146533889,0.7977554182940119,2113,474,"shared evaluator, native mask grid"
phase0,tripath_lesionnet,qata,miou,0.679394753524148,0.6769479751987623,0.6869540298853235,0.6810989195360779,0.00521616899120191,0.6810989195360779,0.6589315865129692,0.7016778802660572,2113,474,"shared evaluator, native mask grid"
phase0,tripath_lesionnet,qata,hd95,32.46967457207443,30.860985624275735,31.144036044146603,31.491565413498922,0.8588087852451417,31.491565413498922,28.874968598611325,34.284260604018506,2113,474,"shared evaluator, native mask grid"
phase0,tripath_lesionnet,qata,assd,9.169140123867999,8.277772264952036,8.629307710564436,8.692073366461491,0.44898642590533583,8.692073366461491,7.8167361098995425,9.664017365941236,2113,474,"shared evaluator, native mask grid"
phase0,tripath_lesionnet,mosmed,dice,0.8158155418559869,0.7996211129407429,0.8057299008065225,0.8070555185344174,0.008178192266210483,0.8070555185344175,0.774721754180463,0.8286246154509599,546,86,"shared evaluator, native mask grid"
phase0,tripath_lesionnet,mosmed,miou,0.7093770873013534,0.6896897568269433,0.6978050575763065,0.698957300568201,0.009894114070316578,0.698957300568201,0.6602751562182609,0.726295467325866,546,86,"shared evaluator, native mask grid"
phase0,tripath_lesionnet,mosmed,hd95,22.319554395015484,23.76754583337709,24.334690475575933,23.473930234656166,1.0391587682608059,23.473930234656166,17.73121102414219,32.23174252302284,546,86,"shared evaluator, native mask grid"
phase0,tripath_lesionnet,mosmed,assd,6.405800368877611,5.750977360712015,6.598509771210102,6.251762500266576,0.44426742558491444,6.251762500266576,4.301015775337351,9.217178138082629,546,86,"shared evaluator, native mask grid"
phase0,panoptic_fpn,qata,dice,0.8036294580735212,0.8013618309826116,0.8054673366372671,0.8034862085644666,0.002056498112443908,0.8034862085644667,0.7864696403398901,0.8184615578110171,2113,474,"shared evaluator, native mask grid"
phase0,panoptic_fpn,qata,miou,0.7088468940158082,0.7083730911195286,0.7116299672242772,0.709616650786538,0.0017596035363069101,0.709616650786538,0.6889214589919969,0.7289649939004885,2113,474,"shared evaluator, native mask grid"
phase0,panoptic_fpn,qata,hd95,27.65364507863463,27.7154565568112,26.76413383216617,27.377745155870667,0.5323009554212558,27.377745155870667,25.0727468347803,29.935783613135932,2113,474,"shared evaluator, native mask grid"
phase0,panoptic_fpn,qata,assd,7.434087457013139,7.550255202374102,7.234919955036338,7.406420871474526,0.15947777124074797,7.406420871474526,6.63217790900118,8.246291936167768,2113,474,"shared evaluator, native mask grid"
phase0,panoptic_fpn,mosmed,dice,0.8090144905933885,0.8047946798894504,0.8088905471446058,0.8075665725424815,0.002401329247431544,0.8075665725424815,0.7747959305139934,0.8299356091323687,546,86,"shared evaluator, native mask grid"
phase0,panoptic_fpn,mosmed,miou,0.7022586203632157,0.6982107451695141,0.7016650563025175,0.7007114739450824,0.0021859352415510513,0.7007114739450825,0.6606383279432171,0.7288759034873087,546,86,"shared evaluator, native mask grid"
phase0,panoptic_fpn,mosmed,hd95,23.244436748046112,28.634384674445396,21.486410600429913,24.455077340973805,3.724596800276859,24.45507734097381,17.502433513818858,35.23946165606281,546,86,"shared evaluator, native mask grid"
phase0,panoptic_fpn,mosmed,assd,8.582320294772623,12.114358797949428,7.35461157592241,9.350430222881487,2.4710914695014896,9.350430222881487,5.366650081122355,15.42094272845091,546,86,"shared evaluator, native mask grid"
phase1,lvit,qata,dice,0.817395964710093,0.815852892406379,0.8194148841965231,0.817554580437665,0.001786285416734488,0.817554580437665,0.8014636227623173,0.8315488875840549,2113,474,"shared evaluator, native mask grid"
phase1,lvit,qata,miou,0.7268929798511563,0.7248079696210934,0.7308765807140333,0.7275258433954277,0.0030834067763739854,0.7275258433954276,0.7082716493664849,0.7453826436875352,2113,474,"shared evaluator, native mask grid"
phase1,lvit,qata,hd95,19.962590455860397,18.94243985471212,19.92791199155113,19.610980767374546,0.5792329953475956,19.61098076737455,17.845876191870627,21.540725825291524,2113,474,"shared evaluator, native mask grid"
phase1,lvit,qata,assd,6.5914646841179145,6.350290923028194,7.143328012958513,6.695027873368207,0.4065353085859286,6.695027873368207,5.659456697952559,7.9517064447454695,2113,474,"shared evaluator, native mask grid"
phase1,lvit,mosmed,dice,0.7930188024623064,0.7931090956168433,0.7924482479385747,0.7928587153392415,0.0003583306136749181,0.7928587153392416,0.7575927630799844,0.8170782568692855,546,86,"shared evaluator, native mask grid"
phase1,lvit,mosmed,miou,0.6838757597672328,0.6831374009751744,0.6831521059567397,0.683388422233049,0.0004221107239682479,0.6833884222330491,0.6416593362029184,0.71200516236963,546,86,"shared evaluator, native mask grid"
phase1,lvit,mosmed,hd95,25.41567079896185,28.121407298883653,24.237013577323662,25.92469722505639,1.9915972416305971,25.924697225056388,18.307509289684596,37.4899339850374,546,86,"shared evaluator, native mask grid"
phase1,lvit,mosmed,assd,10.840749475488593,12.73591971579152,10.937915234828061,11.50486147536939,1.067234083826235,11.504861475369392,6.424293966676519,19.314746124733624,546,86,"shared evaluator, native mask grid"
phase1,reclmis,qata,dice,0.835803740552623,0.8338670477329743,0.8411248415497022,0.8369318766117665,0.0037581126908980017,0.8369318766117665,0.8231672974620473,0.8495397148972733,2113,474,"shared evaluator, native mask grid"
phase1,reclmis,qata,miou,0.7481264768307875,0.7485752075795984,0.7542890161800321,0.7503302335301393,0.0034357400764683985,0.7503302335301393,0.7323716353465506,0.7665145883494205,2113,474,"shared evaluator, native mask grid"
phase1,reclmis,qata,hd95,15.390108625548011,16.61925217766174,17.08161738816535,16.363659397125033,0.8742403706073475,16.363659397125033,14.98256396508238,17.923029702007085,2113,474,"shared evaluator, native mask grid"
phase1,reclmis,qata,assd,4.847380603652469,5.281990450992815,4.731179299470313,4.953516784705198,0.2903392805955297,4.953516784705198,4.273436251127656,5.7260249017709945,2113,474,"shared evaluator, native mask grid"
phase1,reclmis,mosmed,dice,0.7855592821015466,0.7947109606353392,0.7865224208174003,0.7889308878514286,0.00502880105859948,0.7889308878514286,0.7510882455376544,0.8146166812109046,546,86,"shared evaluator, native mask grid"
phase1,reclmis,mosmed,miou,0.6756974929710202,0.6875290680047375,0.6765588039871411,0.6799284549876329,0.00659639695920864,0.679928454987633,0.6393225449503341,0.7092251541633813,546,86,"shared evaluator, native mask grid"
phase1,reclmis,mosmed,hd95,32.92199418733494,28.217615626143115,30.555012427648343,30.564874080375464,2.3522047850678725,30.564874080375468,22.602642832561436,42.82038024329274,546,86,"shared evaluator, native mask grid"
phase1,reclmis,mosmed,assd,16.784220142087477,12.883784875003865,13.487732827373039,14.385245948154795,2.099403765276931,14.385245948154791,8.127332726658095,23.794357810397845,546,86,"shared evaluator, native mask grid"
phase0,unet,busi,dice,0.6700639303715243,0.7116815840417993,0.6994747150633275,0.693740076492217,0.021393266087970014,0.693740076492217,0.6430737262502837,0.7419566968791991,130,130,"shared evaluator, native mask grid"
phase0,unet,busi,miou,0.5751984846208675,0.6161462341859463,0.6054222714356015,0.5989223300808051,0.021233616668456308,0.5989223300808051,0.5478633773554514,0.6469624548718557,130,130,"shared evaluator, native mask grid"
phase0,unet,busi,hd95,124.25278205656959,101.49386059804353,108.7464416567643,111.49769477045913,11.626227752824693,111.49769477045915,91.60409970811989,133.3745561076397,130,130,"shared evaluator, native mask grid"
phase0,unet,busi,assd,53.962065493695654,52.20208515655415,52.86170729882065,53.00861931635682,0.889140063462216,53.008619316356814,37.10053732730505,71.84506141748598,130,130,"shared evaluator, native mask grid"
phase0,tripath_lesionnet,busi,dice,0.7951280317027959,0.7915820071393523,0.7954310381307869,0.794047025657645,0.0021401379501086795,0.7940470256576451,0.7522759842691801,0.831113630363761,130,130,"shared evaluator, native mask grid"
phase0,tripath_lesionnet,busi,miou,0.70583932353737,0.6999534378745794,0.7050241285435255,0.7036056299851583,0.003189046272622623,0.7036056299851584,0.6614920347653964,0.7423476551675898,130,130,"shared evaluator, native mask grid"
phase0,tripath_lesionnet,busi,hd95,57.36426574665643,57.68731464594525,52.14758613237213,55.733055508324604,3.1093058923580807,55.733055508324604,44.65527713065077,67.76463294633997,130,130,"shared evaluator, native mask grid"
phase0,tripath_lesionnet,busi,assd,18.05442168074119,18.653909363334517,16.925147642698747,17.877826228924818,0.8778062069076287,17.877826228924818,13.737369843506889,22.597699101711477,130,130,"shared evaluator, native mask grid"
phase0,panoptic_fpn,busi,dice,0.8200860087370652,0.8263468481122362,0.8276660495125121,0.8246996354539379,0.004049597102873745,0.8246996354539378,0.7857850748721128,0.8590827573853016,130,130,"shared evaluator, native mask grid"
phase0,panoptic_fpn,busi,miou,0.7382639903324866,0.7464321932603569,0.7446485711846204,0.7431149182591547,0.0042946423878548546,0.7431149182591548,0.7042460432438626,0.7797474646829855,130,130,"shared evaluator, native mask grid"
phase0,panoptic_fpn,busi,hd95,44.29693885744076,43.42992280019249,38.46023248972526,42.06236471578617,3.149515302614275,42.06236471578617,33.07018868469018,52.1074573733855,130,130,"shared evaluator, native mask grid"
phase0,panoptic_fpn,busi,assd,15.663776847442485,15.760719260305471,14.029345454805187,15.151280520851047,0.9728325535108404,15.151280520851047,11.026512641619128,19.8327042125251,130,130,"shared evaluator, native mask grid"
