dataset,method_a,method_b,n_cases,mean_difference,median_difference,q1_difference,q3_difference,trimmed_mean_difference_5pct,pct_cases_a_better,pct_cases_b_better,pct_cases_within_0_001,largest_a_better,largest_b_better
qata,unet,tripath_lesionnet,2113,0.003126222041496846,0.0035410827901685704,-0.025808296067063752,0.03338993286909808,0.0036251353792050842,54.33033601514434,42.309512541410314,3.3601514434453383,qata_test_sub-S09499_ses-E26529_run-1_bp-chest_vp-pa_dx +0.632; qata_test_sub-S09799_ses-E26851_run-1_bp-chest_vp-pa_cr +0.573; qata_test_sub-S09645_ses-E16927_run-1_bp-chest_cr +0.477,qata_test_sub-S09310_ses-E24865_run-1_bp-chest_vp-ap_dx -0.561; qata_test_sub-S09609_ses-E16474_run-2_bp-chest_vp-pa_dx -0.502; qata_test_sub-S09317_ses-E21228_run-1_bp-chest_vp-pa_cr -0.495
qata,unet,panoptic_fpn,2113,-0.01902398796718692,-0.005763378788989804,-0.04086871356385524,0.010260135505193557,-0.015665873952218343,35.44723142451491,59.441552295314715,5.111216280170374,qata_test_sub-S09790_ses-E23097_run-1_bp-chest_vp-ap_dx +0.462; qata_test_sub-S09318_ses-E25824_run-1_bp-chest_vp-ap_cr +0.460; qata_test_sub-S09333_ses-E24931_run-1_bp-chest_vp-ap_cr +0.340,qata_test_sub-S09436_ses-E17012_run-1_bp-chest_vp-ap_dx -0.696; qata_test_sub-S09688_ses-E18703_run-1_bp-chest_vp-ap_dx -0.546; qata_test_sub-S09580_ses-E19608_run-1_bp-chest_vp-pa_cr -0.511
qata,unet,lvit,2113,-0.03309235984038531,-0.008161129447979643,-0.07191283556628325,0.013118214872562595,-0.030629926575264543,39.99053478466635,57.311878845243726,2.6975863700899194,qata_test_sub-S09570_ses-E18546_run-1_bp-chest_vp-ap_dx +0.717; qata_test_sub-S09397_ses-E23382_acq-1_run-1_bp-chest_vp-pa_dx +0.705; qata_test_sub-S09397_ses-E22055_run-1_bp-chest_vp-ap_cr +0.700,qata_test_sub-S09317_ses-E21228_run-1_bp-chest_vp-pa_cr -0.798; qata_test_sub-S09609_ses-E16474_run-2_bp-chest_vp-pa_dx -0.653; qata_test_sub-S09339_ses-E16128_acq-1_run-1_bp-chest_vp-pa_dx -0.568
qata,unet,reclmis,2113,-0.0524696560144868,-0.017767159056312654,-0.08398454988762649,0.0021703050156829384,-0.04458822197719315,27.591102697586372,68.48083293894936,3.928064363464269,qata_test_sub-S09570_ses-E18546_run-1_bp-chest_vp-ap_dx +0.788; qata_test_sub-S09397_ses-E23382_acq-1_run-1_bp-chest_vp-pa_dx +0.705; qata_test_sub-S09687_ses-E23618_run-1_bp-chest_vp-pa_cr +0.516,qata_test_sub-S09616_ses-E22845_run-1_bp-chest_vp-ap_dx -0.705; qata_test_sub-S09436_ses-E17012_run-1_bp-chest_vp-ap_dx -0.704; qata_test_sub-S09699_ses-E17473_run-1_bp-chest_vp-ap_dx -0.701
qata,tripath_lesionnet,panoptic_fpn,2113,-0.022150210008683772,-0.00873790831513524,-0.04606576366385251,0.007491711379965849,-0.019524907985073666,31.329862754377665,65.49929010884998,3.1708471367723616,qata_test_sub-S09842_ses-E16879_run-1_bp-chest_vp-ap_dx +0.481; qata_test_sub-S09308_ses-E19031_run-1_bp-chest_vp-ap_dx +0.394; qata_test_sub-S09986_ses-E17165_run-1_bp-chest_cr +0.303,qata_test_sub-S09799_ses-E26851_run-1_bp-chest_vp-pa_cr -0.645; qata_test_sub-S09499_ses-E26529_run-1_bp-chest_vp-pa_dx -0.571; qata_test_sub-S09645_ses-E16927_run-1_bp-chest_cr -0.519
qata,tripath_lesionnet,lvit,2113,-0.03621858188188216,-0.010147609800227442,-0.0753119086229459,0.008804845450704368,-0.03306607490754446,36.20444865120682,60.53005205868433,3.2654992901088504,qata_test_sub-S09397_ses-E22055_run-1_bp-chest_vp-ap_cr +0.687; qata_test_sub-S09357_ses-E17835_run-1_bp-chest_cr +0.647; qata_test_sub-S09308_ses-E20733_acq-2_run-1_bp-chest_vp-ap_dx +0.625,qata_test_sub-S09318_ses-E24145_run-1_bp-chest_vp-ap_cr -0.619; qata_test_sub-S09645_ses-E16927_run-1_bp-chest_cr -0.578; qata_test_sub-S09726_ses-E17568_run-1_bp-chest_vp-ap_cr -0.576
qata,tripath_lesionnet,reclmis,2113,-0.055595878055983636,-0.019328776352434573,-0.09163745999094919,-0.0008807745388649257,-0.0474570249105924,22.337908187411262,74.68054898248934,2.9815428300993845,qata_test_sub-S09397_ses-E23382_acq-1_run-1_bp-chest_vp-pa_dx +0.497; qata_test_sub-S09687_ses-E23618_run-1_bp-chest_vp-pa_cr +0.350; qata_test_sub-S09357_ses-E17835_run-1_bp-chest_cr +0.327,qata_test_sub-S09920_ses-E17037_acq-1_run-1_bp-chest_vp-ll_dx -0.813; qata_test_sub-S09726_ses-E17568_run-1_bp-chest_vp-ap_cr -0.689; qata_test_sub-S09693_ses-E16608_run-1_bp-chest_vp-ap_dx -0.665
qata,panoptic_fpn,lvit,2113,-0.014068371873198388,0.0010359570096378778,-0.04436295014285874,0.018269425311392418,-0.013403877826804968,50.07098911500236,46.71083767155702,3.218173213440606,qata_test_sub-S09687_ses-E23618_run-1_bp-chest_vp-pa_cr +0.830; qata_test_sub-S09397_ses-E22055_run-1_bp-chest_vp-ap_cr +0.737; qata_test_sub-S09357_ses-E17835_run-1_bp-chest_cr +0.649,qata_test_sub-S09842_ses-E16879_run-1_bp-chest_vp-ap_dx -0.700; qata_test_sub-S09318_ses-E25824_run-1_bp-chest_vp-ap_cr -0.612; qata_test_sub-S09790_ses-E23097_run-1_bp-chest_vp-ap_dx -0.500
qata,panoptic_fpn,reclmis,2113,-0.03344566804729987,-0.005950569348301515,-0.061113410406308355,0.008403782810382454,-0.02757321094786827,36.44107903454803,58.92096545196404,4.637955513487932,qata_test_sub-S09570_ses-E18546_run-1_bp-chest_vp-ap_dx +0.695; qata_test_sub-S09687_ses-E23618_run-1_bp-chest_vp-pa_cr +0.669; qata_test_sub-S09397_ses-E23382_acq-1_run-1_bp-chest_vp-pa_dx +0.477,qata_test_sub-S09842_ses-E16879_run-1_bp-chest_vp-ap_dx -0.702; qata_test_sub-S09343_ses-E16132_run-1_bp-chest_vp-pa_cr -0.666; qata_test_sub-S09920_ses-E17037_acq-1_run-1_bp-chest_vp-ll_dx -0.659
qata,lvit,reclmis,2113,-0.019377296174101482,-0.008062474188214042,-0.029765507917035583,0.005300275144945132,-0.01402849446378425,30.477993374349268,65.97255087553242,3.5494557501183155,qata_test_sub-S09859_ses-E20902_run-1_bp-chest_vp-pa_cr +0.454; qata_test_sub-S09867_ses-E23304_run-1_bp-chest_vp-ap_dx +0.420; qata_test_sub-S09544_ses-E19898_run-1_bp-chest_vp-pa_cr +0.243,qata_test_sub-S09699_ses-E17473_run-1_bp-chest_vp-ap_dx -0.725; qata_test_sub-S09920_ses-E17037_acq-1_run-1_bp-chest_vp-ll_dx -0.618; qata_test_sub-S09308_ses-E20733_acq-2_run-1_bp-chest_vp-ap_dx -0.580
mosmed,unet,tripath_lesionnet,546,-0.013366833082750709,-0.00800464692806585,-0.028858587133443192,0.00852082766329812,-0.010313857736532199,35.8974358974359,60.98901098901099,3.1135531135531136,mosmed_test_Morozov_study_0303_34 +0.304; mosmed_test_Morozov_study_0304_25 +0.299; mosmed_test_Morozov_study_0295_28 +0.285,mosmed_test_Morozov_study_0291_15 -0.593; mosmed_test_Morozov_study_0260_14 -0.549; mosmed_test_Jun_coronacases_case9_152 -0.392
mosmed,unet,panoptic_fpn,546,-0.013877887090814856,-0.00930202313178391,-0.032409008406071416,0.009842763439462873,-0.010547841011734954,35.714285714285715,61.72161172161172,2.564102564102564,mosmed_test_Morozov_study_0284_13 +0.568; mosmed_test_Jun_coronacases_case6_46 +0.200; mosmed_test_bjorke_53 +0.198,mosmed_test_Jun_coronacases_case2_26 -0.498; mosmed_test_Morozov_study_0266_20 -0.481; mosmed_test_Jun_coronacases_case9_85 -0.441
mosmed,unet,lvit,546,0.0008299701124252457,0.0011447562986255932,-0.024278297303636343,0.02514334781964972,0.0005002659641091509,50.73260073260073,45.97069597069597,3.296703296703297,mosmed_test_Morozov_study_0284_12 +0.699; mosmed_test_Morozov_study_0256_34 +0.455; mosmed_test_Morozov_study_0267_23 +0.344,mosmed_test_Morozov_study_0266_20 -0.576; mosmed_test_Jun_coronacases_case2_26 -0.542; mosmed_test_Jun_coronacases_case9_152 -0.371
mosmed,unet,reclmis,546,0.004757797600238058,0.00045708998242355303,-0.01981755017102685,0.023606994439147128,0.0019275905947780739,49.08424908424908,48.35164835164835,2.564102564102564,mosmed_test_Morozov_study_0284_12 +0.733; mosmed_test_Morozov_study_0264_33 +0.534; mosmed_test_Morozov_study_0285_14 +0.356,mosmed_test_Jun_coronacases_case9_85 -0.391; mosmed_test_Jun_coronacases_case9_152 -0.350; mosmed_test_Morozov_study_0294_35 -0.326
mosmed,tripath_lesionnet,panoptic_fpn,546,-0.0005110540080641468,-0.0016601480026264825,-0.017909631445450408,0.013782107854903608,-0.002070002109169708,43.772893772893774,50.91575091575091,5.311355311355311,mosmed_test_Morozov_study_0291_15 +0.608; mosmed_test_Morozov_study_0269_26 +0.372; mosmed_test_Morozov_study_0284_13 +0.364,mosmed_test_Morozov_study_0304_25 -0.509; mosmed_test_Morozov_study_0266_20 -0.226; mosmed_test_Morozov_study_0295_28 -0.225
mosmed,tripath_lesionnet,lvit,546,0.014196803195175953,0.006496238388218167,-0.007575923996693712,0.023332196347956857,0.009083990741721167,60.256410256410255,35.714285714285715,4.029304029304029,mosmed_test_Morozov_study_0291_15 +0.608; mosmed_test_Morozov_study_0269_26 +0.562; mosmed_test_Morozov_study_0285_29 +0.524,mosmed_test_Morozov_study_0294_35 -0.337; mosmed_test_Morozov_study_0266_20 -0.321; mosmed_test_Morozov_study_0266_17 -0.286
mosmed,tripath_lesionnet,reclmis,546,0.018124630682988765,0.0072744711425556385,-0.003885384818563903,0.02451656689136006,0.010756340972546557,65.38461538461539,29.304029304029307,5.311355311355311,mosmed_test_Morozov_study_0264_33 +0.622; mosmed_test_Morozov_study_0291_15 +0.603; mosmed_test_Morozov_study_0260_14 +0.577,mosmed_test_Morozov_study_0294_35 -0.341; mosmed_test_Morozov_study_0275_19 -0.299; mosmed_test_Morozov_study_0295_28 -0.258
mosmed,panoptic_fpn,lvit,546,0.0147078572032401,0.008176404672060322,-0.005477951177742052,0.0261528126181661,0.011889994530480721,64.28571428571429,31.684981684981683,4.029304029304029,mosmed_test_Morozov_study_0284_12 +0.565; mosmed_test_Morozov_study_0285_29 +0.509; mosmed_test_Morozov_study_0304_25 +0.422,mosmed_test_Morozov_study_0284_13 -0.488; mosmed_test_Morozov_study_0266_17 -0.329; mosmed_test_Morozov_study_0298_19 -0.297
mosmed,panoptic_fpn,reclmis,546,0.018635684691052912,0.010946885511461002,-0.003131149525381516,0.02762797887999008,0.013318549100827106,68.4981684981685,28.021978021978022,3.47985347985348,mosmed_test_Morozov_study_0266_20 +0.601; mosmed_test_Morozov_study_0284_12 +0.599; mosmed_test_Morozov_study_0304_25 +0.509,mosmed_test_Morozov_study_0275_19 -0.388; mosmed_test_Jun_coronacases_case6_46 -0.300; mosmed_test_Morozov_study_0284_13 -0.282
mosmed,lvit,reclmis,546,0.003927827487812814,0.001624686906067041,-0.012121102649227528,0.017936501595915505,0.0011054305547795473,51.83150183150184,44.13919413919414,4.029304029304029,mosmed_test_Morozov_study_0266_20 +0.695; mosmed_test_Morozov_study_0264_33 +0.637; mosmed_test_Jun_coronacases_case2_26 +0.501,mosmed_test_Jun_coronacases_case6_46 -0.420; mosmed_test_Morozov_study_0275_19 -0.373; mosmed_test_Morozov_study_0256_34 -0.251
