dataset,metric,inference,method_a,method_b,difference_a_minus_b,ci_95_lower,ci_95_upper,raw_p_value,holm_p_value,n_cases,n_clusters
qata,dice,confirmatory,unet,tripath_lesionnet,0.003126222041496846,-0.0012311407511616703,0.00739132991510147,0.15651843481565184,0.15651843481565184,2113,474
qata,dice,confirmatory,unet,panoptic_fpn,-0.01902398796718692,-0.023045067178146948,-0.015184778071659768,9.99990000099999e-06,9.999900000999991e-05,2113,474
qata,dice,confirmatory,unet,lvit,-0.03309235984038531,-0.03969880690610321,-0.026798789266411504,9.99990000099999e-06,9.999900000999991e-05,2113,474
qata,dice,confirmatory,unet,reclmis,-0.0524696560144868,-0.05932204447736716,-0.04586230407521283,9.99990000099999e-06,9.999900000999991e-05,2113,474
qata,dice,confirmatory,tripath_lesionnet,panoptic_fpn,-0.022150210008683772,-0.026204717727663137,-0.018280984221194372,9.99990000099999e-06,9.999900000999991e-05,2113,474
qata,dice,confirmatory,tripath_lesionnet,lvit,-0.03621858188188216,-0.04287264523217667,-0.02971532225162561,9.99990000099999e-06,9.999900000999991e-05,2113,474
qata,dice,confirmatory,tripath_lesionnet,reclmis,-0.055595878055983636,-0.0625694886759706,-0.04929428451589405,9.99990000099999e-06,9.999900000999991e-05,2113,474
qata,dice,confirmatory,panoptic_fpn,lvit,-0.014068371873198388,-0.020120652214362992,-0.008087852069861677,1.999980000199998e-05,9.999900000999991e-05,2113,474
qata,dice,confirmatory,panoptic_fpn,reclmis,-0.03344566804729987,-0.039863456127258425,-0.027672760535154016,9.99990000099999e-06,9.999900000999991e-05,2113,474
qata,dice,confirmatory,lvit,reclmis,-0.019377296174101482,-0.02329184359358279,-0.015777333591078316,9.99990000099999e-06,9.999900000999991e-05,2113,474
qata,miou,exploratory,unet,tripath_lesionnet,0.005519532167924366,0.0007439573536496087,0.010487897062003216,0.025999740002599973,,2113,474
qata,miou,exploratory,unet,panoptic_fpn,-0.022998199082535736,-0.027226174155872043,-0.018940242127378597,9.99990000099999e-06,,2113,474
qata,miou,exploratory,unet,lvit,-0.040907391691425335,-0.04792729405988988,-0.03410380130479859,9.99990000099999e-06,,2113,474
qata,miou,exploratory,unet,reclmis,-0.06371178182613697,-0.0710265501653686,-0.056941118919767435,9.99990000099999e-06,,2113,474
qata,miou,exploratory,tripath_lesionnet,panoptic_fpn,-0.028517731250460105,-0.03333575281528954,-0.02393061898856729,9.99990000099999e-06,,2113,474
qata,miou,exploratory,tripath_lesionnet,lvit,-0.0464269238593497,-0.053667740701347146,-0.039306483521665075,9.99990000099999e-06,,2113,474
qata,miou,exploratory,tripath_lesionnet,reclmis,-0.06923131399406135,-0.07695057384834031,-0.0620565201596275,9.99990000099999e-06,,2113,474
qata,miou,exploratory,panoptic_fpn,lvit,-0.017909192608889596,-0.024613480214866573,-0.011393062108910019,9.99990000099999e-06,,2113,474
qata,miou,exploratory,panoptic_fpn,reclmis,-0.04071358274360124,-0.04735183134819301,-0.03421558356478225,9.99990000099999e-06,,2113,474
qata,miou,exploratory,lvit,reclmis,-0.022804390134711645,-0.026800961223554003,-0.019110272381605287,9.99990000099999e-06,,2113,474
qata,hd95,exploratory,unet,tripath_lesionnet,0.09398409988068525,-0.9102957090599995,1.100389553966563,0.8556914430855691,,2113,474
qata,hd95,exploratory,unet,panoptic_fpn,4.207804357508938,3.2578711372218314,5.293532132854498,9.99990000099999e-06,,2113,474
qata,hd95,exploratory,unet,lvit,11.974568746005055,10.240773603389714,13.835611986157703,9.99990000099999e-06,,2113,474
qata,hd95,exploratory,unet,reclmis,15.22189011625457,13.426383993751784,17.215174192342133,9.99990000099999e-06,,2113,474
qata,hd95,exploratory,tripath_lesionnet,panoptic_fpn,4.1138202576282525,3.2222646817171947,5.079763351578301,9.99990000099999e-06,,2113,474
qata,hd95,exploratory,tripath_lesionnet,lvit,11.88058464612437,10.17172635658067,13.70838675476486,9.99990000099999e-06,,2113,474
qata,hd95,exploratory,tripath_lesionnet,reclmis,15.127906016373885,13.383394224504121,17.0869552116901,9.99990000099999e-06,,2113,474
qata,hd95,exploratory,panoptic_fpn,lvit,7.766764388496118,6.179799781420011,9.407458452976156,9.99990000099999e-06,,2113,474
qata,hd95,exploratory,panoptic_fpn,reclmis,11.014085758745631,9.495752728170997,12.635594247044768,9.99990000099999e-06,,2113,474
qata,hd95,exploratory,lvit,reclmis,3.247321370249513,2.36367583093989,4.202313636707637,9.99990000099999e-06,,2113,474
qata,assd,exploratory,unet,tripath_lesionnet,0.7538655782429259,0.11280622658517557,1.4630380569735464,0.023099769002309978,,2113,474
qata,assd,exploratory,unet,panoptic_fpn,2.0395180732298908,1.426181947866368,2.767307073412292,9.99990000099999e-06,,2113,474
qata,assd,exploratory,unet,lvit,2.7509110713362106,1.7104520920684836,3.7867437672550155,9.99990000099999e-06,,2113,474
qata,assd,exploratory,unet,reclmis,4.492422159999219,3.590029500671493,5.514957856664822,9.99990000099999e-06,,2113,474
qata,assd,exploratory,tripath_lesionnet,panoptic_fpn,1.2856524949869648,0.9239431574296327,1.7050099099207372,9.99990000099999e-06,,2113,474
qata,assd,exploratory,tripath_lesionnet,lvit,1.9970454930932844,1.0851353775416264,2.8638879108507376,9.99990000099999e-06,,2113,474
qata,assd,exploratory,tripath_lesionnet,reclmis,3.7385565817562925,3.011486207237798,4.520220765977631,9.99990000099999e-06,,2113,474
qata,assd,exploratory,panoptic_fpn,lvit,0.7113929981063198,-0.25347954381383125,1.5601919307331324,0.12433875661243388,,2113,474
qata,assd,exploratory,panoptic_fpn,reclmis,2.4529040867693275,1.8191705210149476,3.092774936936033,9.99990000099999e-06,,2113,474
qata,assd,exploratory,lvit,reclmis,1.7415110886630083,0.9809087659700452,2.6113129043129133,9.99990000099999e-06,,2113,474
mosmed,dice,confirmatory,unet,tripath_lesionnet,-0.013366833082750707,-0.02101228287611633,-0.00522986242196682,0.005759942400575994,0.034559654403455965,546,86
mosmed,dice,confirmatory,unet,panoptic_fpn,-0.013877887090814854,-0.021741900698522755,-0.005448089512068761,0.006089939100608994,0.034559654403455965,546,86
mosmed,dice,confirmatory,unet,lvit,0.0008299701124252432,-0.009500361074834816,0.013020820822880337,0.8824011759882401,1.0,546,86
mosmed,dice,confirmatory,unet,reclmis,0.0047577976002380565,-0.004763754640993271,0.016656290518817857,0.35825641743582565,1.0,546,86
mosmed,dice,confirmatory,tripath_lesionnet,panoptic_fpn,-0.0005110540080641473,-0.006018332972806575,0.005488473274232389,0.8563314366856332,1.0,546,86
mosmed,dice,confirmatory,tripath_lesionnet,lvit,0.014196803195175954,0.006732352382470531,0.023275750287364224,0.0003699963000369996,0.0025899741002589974,546,86
mosmed,dice,confirmatory,tripath_lesionnet,reclmis,0.018124630682988765,0.010688436521323568,0.02776660674509938,2.999970000299997e-05,0.00023999760002399976,546,86
mosmed,dice,confirmatory,panoptic_fpn,lvit,0.0147078572032401,0.008841579547288888,0.021724105878301172,9.99990000099999e-06,9.999900000999991e-05,546,86
mosmed,dice,confirmatory,panoptic_fpn,reclmis,0.018635684691052912,0.011656192530127035,0.027435265116194055,9.99990000099999e-06,9.999900000999991e-05,546,86
mosmed,dice,confirmatory,lvit,reclmis,0.003927827487812814,-0.002248342069412344,0.011323767929795336,0.25566744332556673,1.0,546,86
mosmed,miou,exploratory,unet,tripath_lesionnet,-0.015926052866101076,-0.024435083425624372,-0.0061381547854982114,0.006169938300616994,,546,86
mosmed,miou,exploratory,unet,panoptic_fpn,-0.01768022624298241,-0.027207187890659103,-0.007116388802185304,0.006629933700662993,,546,86
mosmed,miou,exploratory,unet,lvit,-0.0003571745309489411,-0.0121205883318241,0.01336213753758799,0.957320426795732,,546,86
mosmed,miou,exploratory,unet,reclmis,0.0031027927144671222,-0.007457096591966242,0.0159575761941632,0.5853741462585375,,546,86
mosmed,miou,exploratory,tripath_lesionnet,panoptic_fpn,-0.0017541733768813344,-0.007174297235309873,0.004396841968848377,0.5561544384556154,,546,86
mosmed,miou,exploratory,tripath_lesionnet,lvit,0.015568878335152133,0.007890284530580792,0.02463099812172373,0.00015999840001599985,,546,86
mosmed,miou,exploratory,tripath_lesionnet,reclmis,0.019028845580568197,0.01214704728322174,0.02742510191189251,9.99990000099999e-06,,546,86
mosmed,miou,exploratory,panoptic_fpn,lvit,0.01732305171203347,0.011348160707557712,0.023826236956618018,9.99990000099999e-06,,546,86
mosmed,miou,exploratory,panoptic_fpn,reclmis,0.020783018957449533,0.014793819182949083,0.02774444295578068,9.99990000099999e-06,,546,86
mosmed,miou,exploratory,lvit,reclmis,0.0034599672454160638,-0.002460891027098568,0.009827874950107975,0.28092719072809275,,546,86
mosmed,hd95,exploratory,unet,tripath_lesionnet,5.908276880214299,0.8072225055624489,10.97130395550556,0.035389646103538966,,546,86
mosmed,hd95,exploratory,unet,panoptic_fpn,4.927129773896657,0.22005737202561165,9.798258532606468,0.05868941310586894,,546,86
mosmed,hd95,exploratory,unet,lvit,3.457509889814075,-1.4882441893576484,8.161969438394133,0.17591824081759183,,546,86
mosmed,hd95,exploratory,unet,reclmis,-1.1826669655050013,-6.552792696356175,3.304369007755034,0.6255337446625534,,546,86
mosmed,hd95,exploratory,tripath_lesionnet,panoptic_fpn,-0.9811471063176413,-5.086807521092897,2.3050215631294635,0.5970640293597064,,546,86
mosmed,hd95,exploratory,tripath_lesionnet,lvit,-2.450766990400224,-8.622127057017348,3.027436532737427,0.4041559584404156,,546,86
mosmed,hd95,exploratory,tripath_lesionnet,reclmis,-7.090943845719298,-13.154001909833557,-2.1678869177303275,0.008769912300876991,,546,86
mosmed,hd95,exploratory,panoptic_fpn,lvit,-1.4696198840825823,-7.054646677466191,3.842348746877285,0.5918740812591874,,546,86
mosmed,hd95,exploratory,panoptic_fpn,reclmis,-6.1097967394016575,-11.378733694572945,-1.5946180916253838,0.012199878001219988,,546,86
mosmed,hd95,exploratory,lvit,reclmis,-4.640176855319076,-9.117153209263499,-0.6939357461868452,0.024269757302426975,,546,86
mosmed,assd,exploratory,unet,tripath_lesionnet,4.18063522607313,0.753445213745331,8.07802538582023,0.027189728102718972,,546,86
mosmed,assd,exploratory,unet,panoptic_fpn,1.0819675034582197,-2.365499456872166,4.254813383573575,0.5319046809531904,,546,86
mosmed,assd,exploratory,unet,lvit,-1.0724637490296847,-5.8034644193693055,2.5046554073410543,0.5985740142598575,,546,86
mosmed,assd,exploratory,unet,reclmis,-3.952848221815087,-9.311708267164436,-0.22626879458484514,0.05516944830551695,,546,86
mosmed,assd,exploratory,tripath_lesionnet,panoptic_fpn,-3.098667722614911,-7.167080684094827,-0.1251571097693113,0.07019929800701993,,546,86
mosmed,assd,exploratory,tripath_lesionnet,lvit,-5.253098975102815,-11.331501615765921,-1.030307745845711,0.023389766102338977,,546,86
mosmed,assd,exploratory,tripath_lesionnet,reclmis,-8.133483447888215,-14.886270598761005,-3.397237630335775,0.0006599934000659993,,546,86
mosmed,assd,exploratory,panoptic_fpn,lvit,-2.154431252487904,-7.375284069771235,2.206327407202653,0.3852261477385226,,546,86
mosmed,assd,exploratory,panoptic_fpn,reclmis,-5.0348157252733055,-10.314224964689954,-0.8165509339696756,0.028689713102868972,,546,86
mosmed,assd,exploratory,lvit,reclmis,-2.8803844727854027,-6.97977873251024,0.7218605364664213,0.14335856641433586,,546,86
