dataset,method,dice_1001,dice_1002,dice_1003,mean,sample_sd,range
qata,unet,0.7877954407107253,0.7846060857435999,0.780985135337514,0.7844622205972797,0.0034074312471922045,0.006810305373211256
qata,tripath_lesionnet,0.7797933992823625,0.7787784915986261,0.7854361047863603,0.781335998555783,0.0035868736705020766,0.006657613187734168
qata,panoptic_fpn,0.8036294580735212,0.8013618309826116,0.8054673366372671,0.8034862085644666,0.002056498112443908,0.004105505654655506
qata,lvit,0.817395964710093,0.815852892406379,0.8194148841965231,0.817554580437665,0.001786285416734488,0.003561991790144048
qata,reclmis,0.835803740552623,0.8338670477329743,0.8411248415497022,0.8369318766117665,0.0037581126908980017,0.007257793816727975
mosmed,unet,0.7926594637721742,0.7945122206481207,0.7938943719347054,0.7936886854516668,0.0009433489319018149,0.0018527568759464375
mosmed,tripath_lesionnet,0.8158155418559869,0.7996211129407429,0.8057299008065225,0.8070555185344174,0.008178192266210483,0.01619442891524403
mosmed,panoptic_fpn,0.8090144905933885,0.8047946798894504,0.8088905471446058,0.8075665725424815,0.002401329247431544,0.004219810703938065
mosmed,lvit,0.7930188024623064,0.7931090956168433,0.7924482479385747,0.7928587153392415,0.0003583306136749181,0.0006608476782685724
mosmed,reclmis,0.7855592821015466,0.7947109606353392,0.7865224208174003,0.7889308878514286,0.00502880105859948,0.009151678533792618
busi,unet,0.6700639303715243,0.7116815840417993,0.6994747150633275,0.693740076492217,0.021393266087970014,0.04161765367027492
busi,tripath_lesionnet,0.7951280317027959,0.7915820071393523,0.7954310381307869,0.794047025657645,0.0021401379501086795,0.003849030991434521
busi,panoptic_fpn,0.8200860087370652,0.8263468481122362,0.8276660495125121,0.8246996354539379,0.004049597102873745,0.007580040775446939
