dataset,method,unet,tripath_lesionnet,panoptic_fpn,lvit,reclmis
qata,unet,-,"+0.0031 [-0.0012, +0.0074] p_holm=0.15652","-0.0190 [-0.0230, -0.0152] p_holm=0.00010*","-0.0331 [-0.0397, -0.0268] p_holm=0.00010*","-0.0525 [-0.0593, -0.0459] p_holm=0.00010*"
qata,tripath_lesionnet,"-0.0031 [-0.0074, +0.0012] p_holm=0.15652",-,"-0.0222 [-0.0262, -0.0183] p_holm=0.00010*","-0.0362 [-0.0429, -0.0297] p_holm=0.00010*","-0.0556 [-0.0626, -0.0493] p_holm=0.00010*"
qata,panoptic_fpn,"+0.0190 [+0.0152, +0.0230] p_holm=0.00010*","+0.0222 [+0.0183, +0.0262] p_holm=0.00010*",-,"-0.0141 [-0.0201, -0.0081] p_holm=0.00010*","-0.0334 [-0.0399, -0.0277] p_holm=0.00010*"
qata,lvit,"+0.0331 [+0.0268, +0.0397] p_holm=0.00010*","+0.0362 [+0.0297, +0.0429] p_holm=0.00010*","+0.0141 [+0.0081, +0.0201] p_holm=0.00010*",-,"-0.0194 [-0.0233, -0.0158] p_holm=0.00010*"
qata,reclmis,"+0.0525 [+0.0459, +0.0593] p_holm=0.00010*","+0.0556 [+0.0493, +0.0626] p_holm=0.00010*","+0.0334 [+0.0277, +0.0399] p_holm=0.00010*","+0.0194 [+0.0158, +0.0233] p_holm=0.00010*",-
mosmed,unet,-,"-0.0134 [-0.0210, -0.0052] p_holm=0.03456*","-0.0139 [-0.0217, -0.0054] p_holm=0.03456*","+0.0008 [-0.0095, +0.0130] p_holm=1.00000","+0.0048 [-0.0048, +0.0167] p_holm=1.00000"
mosmed,tripath_lesionnet,"+0.0134 [+0.0052, +0.0210] p_holm=0.03456*",-,"-0.0005 [-0.0060, +0.0055] p_holm=1.00000","+0.0142 [+0.0067, +0.0233] p_holm=0.00259*","+0.0181 [+0.0107, +0.0278] p_holm=0.00024*"
mosmed,panoptic_fpn,"+0.0139 [+0.0054, +0.0217] p_holm=0.03456*","+0.0005 [-0.0055, +0.0060] p_holm=1.00000",-,"+0.0147 [+0.0088, +0.0217] p_holm=0.00010*","+0.0186 [+0.0117, +0.0274] p_holm=0.00010*"
mosmed,lvit,"-0.0008 [-0.0130, +0.0095] p_holm=1.00000","-0.0142 [-0.0233, -0.0067] p_holm=0.00259*","-0.0147 [-0.0217, -0.0088] p_holm=0.00010*",-,"+0.0039 [-0.0022, +0.0113] p_holm=1.00000"
mosmed,reclmis,"-0.0048 [-0.0167, +0.0048] p_holm=1.00000","-0.0181 [-0.0278, -0.0107] p_holm=0.00024*","-0.0186 [-0.0274, -0.0117] p_holm=0.00010*","-0.0039 [-0.0113, +0.0022] p_holm=1.00000",-
