Dataset,Phase,Method,Text at Train,Text at Test,Dice 1001,Dice 1002,Dice 1003,Dice Mean,Dice SD,Dice 95% CI,mIoU,HD95,ASSD,Parameters,FLOPs,Source Commit,Status
QaTa-COV19-v2,0,U-Net v2,No,No,0.7878,0.7846,0.7810,0.7845,0.0034,"[0.7662, 0.8006]",0.6866,31.59,9.45,31.04M,245.98G,Summer2026Research@fdeb44037aba,Valid (3/3 seeds)
QaTa-COV19-v2,0,TriPathLesionNet,No,No,0.7798,0.7788,0.7854,0.7813,0.0036,"[0.7633, 0.7978]",0.6811,31.49,8.69,1.15M,6.61G,Summer2026Research@fdeb44037aba,Valid (3/3 seeds)
QaTa-COV19-v2,0,Panoptic FPN,No,No,0.8036,0.8014,0.8055,0.8035,0.0021,"[0.7865, 0.8185]",0.7096,27.38,7.41,28.62M,52.09G,Summer2026Research@fdeb44037aba,Valid (3/3 seeds)
QaTa-COV19-v2,1,LViT-T,Yes,Yes,0.8174,0.8159,0.8194,0.8176,0.0018,"[0.8015, 0.8315]",0.7275,19.61,6.70,39.93M,54.16G,LViT@ba90775ead37,Valid (3/3 seeds)
QaTa-COV19-v2,1,RecLMIS,Yes,Yes,0.8358,0.8339,0.8411,0.8369,0.0038,"[0.8232, 0.8495]",0.7503,16.36,4.95,220.72M (69.44M trainable),48.27G,RecLMIS@d3265c8b4d45,Valid (3/3 seeds)
MosMedData+,0,U-Net v2,No,No,0.7927,0.7945,0.7939,0.7937,0.0009,"[0.7627, 0.8163]",0.6830,29.38,10.43,31.04M,245.98G,Summer2026Research@fdeb44037aba,Valid (3/3 seeds)
MosMedData+,0,TriPathLesionNet,No,No,0.8158,0.7996,0.8057,0.8071,0.0082,"[0.7747, 0.8286]",0.6990,23.47,6.25,1.15M,6.61G,Summer2026Research@fdeb44037aba,Valid (3/3 seeds)
MosMedData+,0,Panoptic FPN,No,No,0.8090,0.8048,0.8089,0.8076,0.0024,"[0.7748, 0.8299]",0.7007,24.46,9.35,28.62M,52.09G,Summer2026Research@fdeb44037aba,Valid (3/3 seeds)
MosMedData+,1,LViT-T,Yes,Yes,0.7930,0.7931,0.7924,0.7929,0.0004,"[0.7576, 0.8171]",0.6834,25.92,11.50,39.93M,54.16G,LViT@ba90775ead37,Valid (3/3 seeds)
MosMedData+,1,RecLMIS,Yes,Yes,0.7856,0.7947,0.7865,0.7889,0.0050,"[0.7511, 0.8146]",0.6799,30.56,14.39,220.72M (69.44M trainable),48.27G,RecLMIS@d3265c8b4d45,Valid (3/3 seeds)
BUSI,0,U-Net v2,No,No,0.6701,0.7117,0.6995,0.6937,0.0214,"[0.6431, 0.7420]",0.5989,111.50,53.01,31.04M,245.98G,Summer2026Research@fdeb44037aba,Valid (3/3 seeds)
BUSI,0,TriPathLesionNet,No,No,0.7951,0.7916,0.7954,0.7940,0.0021,"[0.7523, 0.8311]",0.7036,55.73,17.88,1.15M,6.61G,Summer2026Research@fdeb44037aba,Valid (3/3 seeds)
BUSI,0,Panoptic FPN,No,No,0.8201,0.8263,0.8277,0.8247,0.0040,"[0.7858, 0.8591]",0.7431,42.06,15.15,28.62M,52.09G,Summer2026Research@fdeb44037aba,Valid (3/3 seeds)
