epoch,train_loss,train_dice,train_miou,val_loss,val_dice,val_miou,val_hd95,val_assd,learning_rate
1,1.2104253615940455,0.4083693749823813,0.2931593687929772,0.9775278545342959,0.4924711332871364,0.36882558264411414,104.74285480224782,46.09549260858814,0.0003
2,0.9977184766429966,0.5027547250648388,0.3750765124475696,0.9946399422792288,0.4690148879129153,0.3446808210932292,112.41033337586504,43.04612186929012,0.0003
3,0.9450909225473104,0.5243495985613031,0.39669009271025946,0.9048482661063855,0.5333506762981415,0.4121880310659225,100.51075366670499,44.605322072821735,0.0003
4,0.8857651120525295,0.5559586868700335,0.430425120824294,0.8803940873879653,0.553989997276893,0.43914032211670506,98.36002535755216,53.382148730683646,0.0003
5,0.8703623344765449,0.5720494252428882,0.44367914352809545,0.8653991176531866,0.5633473522388018,0.43671200940242183,93.50553861984044,34.1780780028189,0.0003
6,0.8314791678227755,0.5938102394414583,0.4686777184719612,0.8006757096602366,0.5998286369901437,0.4769435364466447,89.28180439087825,30.37952708306468,0.0003
7,0.7841966706384469,0.6250696136068201,0.4989567179656779,0.7439901439043192,0.6272340359596106,0.5094569629201522,82.16670985554998,31.60195468618486,0.0003
8,0.7705706355791115,0.6294878304148991,0.5087285225096972,0.762205468920561,0.6089819325850561,0.4939001328670062,72.62892015271332,33.88900219421581,0.0003
9,0.7368210935130823,0.6550825825615179,0.5366819851623766,0.7742704714720066,0.6308186111541895,0.5052327720018533,78.96455272277655,28.033640665735145,0.0003
10,0.6888320320454983,0.6790374618465618,0.5591725963945827,0.7189316061826853,0.6541512470978957,0.537693895972692,75.88995746679464,26.93168933104672,0.0003
11,0.6594791848203461,0.6941410150135401,0.5765969681104794,0.7160983807765521,0.6530017784008613,0.5368798283430246,81.55249004802538,28.070949127233828,0.0003
12,0.6375465662947001,0.7047724552073721,0.5898225469104315,0.6518741295887873,0.67890887764784,0.5637032853869292,64.22159247849463,22.64516238961493,0.0003
13,0.6258238812335756,0.7159320989186192,0.6024633252014548,0.6307914268511993,0.6925979451491282,0.5807256801770284,61.80820621564153,22.17321679522426,0.0003
14,0.6059940124683749,0.7240869167641923,0.6124021822257423,0.6633147522807121,0.6697056316412412,0.5573698161886289,68.74485821057715,24.13698624026419,0.0003
15,0.6033883887832447,0.7223054008968806,0.6095057457468989,0.6214425133971068,0.6932470454619482,0.5806537190308938,63.30744254793204,21.50803776011232,0.0003
16,0.5709501976467507,0.7380728116912935,0.6269934538201616,0.6767455752079303,0.6739884271071508,0.5613506516584983,73.1157374795214,25.666296000429856,0.0003
17,0.5573038756847382,0.7463799925751028,0.6359112655279423,0.6619520330658326,0.6541794951145465,0.5377780915452883,65.13265901528412,24.849547006458288,0.0003
18,0.5419895725085718,0.7528707646284496,0.6472068544450165,0.6502029769695722,0.6860010876105382,0.5752164423465729,65.57423447393184,24.034559631362068,0.0003
19,0.5492098273722946,0.7482976972623829,0.641158963375461,0.6289153523170031,0.6952943423619637,0.5857973098754883,69.69144713722147,24.344706170937904,0.0003
20,0.5293926806989652,0.7624760998940641,0.6571311143928232,0.6145664333150938,0.6966249186259049,0.5859679029538081,60.623991519305704,20.13871344746213,0.0003
21,0.5207867804941773,0.7646191708978094,0.6573314238114161,0.6039638525018325,0.6947750609654647,0.5871727294646777,66.37190432293086,27.646316519784175,0.0003
22,0.5147696341642745,0.7668015103940525,0.662155738032759,0.6187925333013902,0.7033082602115778,0.5939750109727566,63.083379942400555,21.09598131284963,0.0003
23,0.5052895239637781,0.7724281542237676,0.6705924226354456,0.5970975515934137,0.7130545297494302,0.6057394926364605,59.5925132794731,20.49744598584867,0.0003
24,0.5044893579102024,0.7723153496192674,0.6672148433205002,0.588452466405355,0.7077885820315435,0.6003109377164108,60.807473624830486,21.9601875005931,0.0003
25,0.4914381905271701,0.7826167897797093,0.6795489359421534,0.5985670771736366,0.7112095275750527,0.6014213137901746,57.34638423455651,19.598919327372602,0.0003
26,0.46655722666017657,0.7917382571368183,0.6917140753736796,0.5747549992341262,0.7195412917779043,0.612737930738009,57.5956494845329,19.49278757905971,0.0003
27,0.46429166868870253,0.7929667830467224,0.692723075284219,0.6048082147653286,0.7034289768108954,0.5956928133964539,61.5088973481245,21.26540489503094,0.0003
28,0.47936464943550977,0.7880965487143029,0.6843213228278818,0.5968755334615707,0.7031689973977896,0.5944716093631891,62.65456334642147,25.67241841610868,0.0003
29,0.45062935987338604,0.7991453368785018,0.6993481525497344,0.5865545152471616,0.7198217671651107,0.6158559322357178,60.3129209122249,20.061973639677564,0.0003
30,0.4464697605111697,0.8002678899153093,0.7019531309748966,0.577873323399287,0.7187946817049613,0.6141281311328595,56.39237319901343,19.560513078654363,0.0003
31,0.4330403908690298,0.8072810699806953,0.7096588487486574,0.5818048239900515,0.7266610230390842,0.6190517888619349,63.537976028656814,20.055888891192275,0.0003
32,0.43617507218232165,0.8054606179925489,0.7059202796033162,0.566014438867569,0.7316840841219976,0.6259856235522491,51.898540768387484,17.07508693715818,0.0003
33,0.4128576167847862,0.818899470293493,0.7227146772726396,0.5749304065337548,0.7375395263616855,0.6298141204393827,56.18293460420337,17.569079263917992,0.0003
34,0.42269506437149235,0.8128631074549788,0.7164047657721845,0.5791569185944704,0.7211807714058802,0.6211875745883355,51.26165226224853,18.1716750999714,0.0003
35,0.4214394938281893,0.8116736404832281,0.7146335639618788,0.5840769301240261,0.7192328514961096,0.6146675566068063,55.37099192583955,19.172756923621655,0.0003
36,0.400582761745043,0.8231727138847185,0.7287406960353435,0.5933962068878688,0.7141112604966531,0.6099323194760543,57.162735736401956,18.82695343495499,0.0003
37,0.39536962346072346,0.8265209519834265,0.7313979714026463,0.5695284100679251,0.7346782787488058,0.6303657969603171,54.550548640993846,18.42959853860944,0.0003
38,0.39462716794475805,0.8253631678389579,0.7325837938317953,0.6115479005070833,0.7153649559387794,0.6127033531665802,68.441520642607,22.812564482245975,0.0003
39,0.3984635449206281,0.8223761584221884,0.7301133759951187,0.5656006880677663,0.7349856186371583,0.6295569493220403,56.343579074906536,18.996369032691714,0.0003
40,0.35783004129337054,0.843093673195735,0.7540671875921346,0.5461400500856913,0.7442428423808172,0.6410543884222324,52.029798828406044,16.961419603385412,0.00015
41,0.3485977047869426,0.8490266861984862,0.7613576602993519,0.5523109000462753,0.7397297861484381,0.6371053548959585,54.60058878826889,17.740910191319315,0.00015
42,0.3273464230590525,0.857825927093589,0.7728409309652758,0.5820211074673213,0.7237333403183863,0.6182086100945106,60.68911740676664,19.765951060403747,0.00015
43,0.34075838341839954,0.8533880935742838,0.7686472647703877,0.5625095871778635,0.7429565076644604,0.6411377844902185,51.658128201649255,16.911555257657145,0.00015
44,0.3276956353435794,0.857433838215059,0.7740009581494274,0.5576695318405445,0.7433437166305689,0.6392997354269028,54.833235505794356,17.84978228332689,0.00015
45,0.3326544651973623,0.8548338229950635,0.769800438141996,0.5506696311327127,0.7506861480382773,0.6478075155845056,53.01848985265596,17.25924929064784,0.00015
46,0.332321458087995,0.8576010835084154,0.7727284552687306,0.553026136297446,0.7404440526778882,0.6395908124171771,53.409152770495204,17.324443768522727,0.00015
47,0.3280877408912049,0.8578045371081003,0.773546175431397,0.5551306966405648,0.7427573502063751,0.6427850494017968,56.32764605350696,18.595135233173437,0.00015
48,0.31690676073762464,0.8646261272072503,0.7801119760220045,0.5501211566420702,0.7447597636626317,0.6424144460604742,49.856332681406116,16.076183510458833,0.00015
49,0.30993845515837104,0.8660217149782989,0.7820303568539839,0.5577313286753801,0.7447327295174966,0.6438346619789417,53.8958558427018,16.821866392259142,0.00015
50,0.309648667568156,0.866359091699845,0.7836286623310523,0.5495014299566929,0.7448419527365611,0.6427048662534127,52.510555233230484,16.577223756793344,0.00015
51,0.3103809290662516,0.866817371031274,0.784100557210659,0.5428784885085546,0.7489436188569436,0.6479081786595858,51.32001596527505,16.602383229133164,0.00015
52,0.28572217452612686,0.8786288863521511,0.7987382101666264,0.5535230413079262,0.7455646452995447,0.6431687497175657,57.439872254779814,18.05636678454017,7.5e-05
53,0.2897859997055144,0.8758425741449684,0.7968869777914975,0.5520142941520765,0.7466968229183784,0.6460676903908069,55.261570900710204,17.983815108136948,7.5e-05
54,0.28077102663586273,0.8797310247259625,0.8016299194054223,0.5538417290036495,0.7490048007323191,0.6471490218089178,54.07924724758023,18.220993940040923,7.5e-05
55,0.27735926286648893,0.8822305075481498,0.8045157846469279,0.5521948641309371,0.7496105249111469,0.648101460475188,53.08981794053823,17.271914320958704,7.5e-05
56,0.28384758514007125,0.8786488589593919,0.8005369621674028,0.5424391415256721,0.7480839479428071,0.6473698799426739,51.732207969409906,16.84424741859646,7.5e-05
57,0.2744191576868801,0.8836312052989987,0.8065857530794767,0.562031701207161,0.7396804518424548,0.63893412397458,58.26369638395509,19.07943228581162,7.5e-05
58,0.272189034676725,0.8856446603019936,0.8084407704217094,0.5540128642549882,0.7417669181640332,0.6415309344346707,56.94264611943288,18.777746721109324,3.75e-05
59,0.2698086944677062,0.8859180842704404,0.8101174040510348,0.5647237490002925,0.7420464524855981,0.6428800420119212,56.98704754058618,18.43896444489927,3.75e-05
60,0.26307137465650177,0.8881776637372901,0.8124254527016933,0.5506978218372052,0.7489759199894391,0.6490692725548377,55.58470070742784,17.651039285868084,3.75e-05
