Dataset,Phase,Method,Text at Train,Text at Test,Dice Mean,Dice SD,Dice 95% CI,mIoU,HD95,ASSD,Parameters,FLOPs,Source Commit
QaTa-COV19-v2,0,U-Net v2,No,No,0.7845,0.0034,"[0.7662, 0.8006]",0.6866,31.59,9.45,31.04M,245.98G,Summer2026Research@fdeb44037aba
QaTa-COV19-v2,0,TriPathLesionNet,No,No,0.7813,0.0036,"[0.7633, 0.7978]",0.6811,31.49,8.69,1.15M,6.61G,Summer2026Research@fdeb44037aba
QaTa-COV19-v2,0,Panoptic FPN,No,No,0.8035,0.0021,"[0.7865, 0.8185]",0.7096,27.38,7.41,28.62M,52.09G,Summer2026Research@fdeb44037aba
QaTa-COV19-v2,1,LViT-T,Yes,Yes,0.8176,0.0018,"[0.8015, 0.8315]",0.7275,19.61,6.70,39.93M,54.16G,LViT@ba90775ead37
QaTa-COV19-v2,1,RecLMIS,Yes,Yes,0.8369,0.0038,"[0.8232, 0.8495]",0.7503,16.36,4.95,220.72M (69.44M trainable),48.27G,RecLMIS@d3265c8b4d45
MosMedData+,0,U-Net v2,No,No,0.7937,0.0009,"[0.7627, 0.8163]",0.6830,29.38,10.43,31.04M,245.98G,Summer2026Research@fdeb44037aba
MosMedData+,0,TriPathLesionNet,No,No,0.8071,0.0082,"[0.7747, 0.8286]",0.6990,23.47,6.25,1.15M,6.61G,Summer2026Research@fdeb44037aba
MosMedData+,0,Panoptic FPN,No,No,0.8076,0.0024,"[0.7748, 0.8299]",0.7007,24.46,9.35,28.62M,52.09G,Summer2026Research@fdeb44037aba
MosMedData+,1,LViT-T,Yes,Yes,0.7929,0.0004,"[0.7576, 0.8171]",0.6834,25.92,11.50,39.93M,54.16G,LViT@ba90775ead37
MosMedData+,1,RecLMIS,Yes,Yes,0.7889,0.0050,"[0.7511, 0.8146]",0.6799,30.56,14.39,220.72M (69.44M trainable),48.27G,RecLMIS@d3265c8b4d45
