sample_id,source_id,method,seed,dice,miou,hd95,assd,prediction_path,probability_path
busi_test_benign (101),benign (101),unet,1003,0.9632917466415151,0.9291830594786118,2.8284271247461903,1.0916302212969766,predictions/masks/busi_test_benign (101).png,predictions/probabilities/busi_test_benign (101).npy
busi_test_benign (104),benign (104),unet,1003,0.1158496782830564,0.06148643075301247,563.6619290739567,272.8833407821641,predictions/masks/busi_test_benign (104).png,predictions/probabilities/busi_test_benign (104).npy
busi_test_benign (109),benign (109),unet,1003,0.8405274641877106,0.7249222713147742,120.07934831476292,20.080796493740362,predictions/masks/busi_test_benign (109).png,predictions/probabilities/busi_test_benign (109).npy
busi_test_benign (121),benign (121),unet,1003,0.942885907866608,0.8919433719439283,11.313708498984761,4.040451100373993,predictions/masks/busi_test_benign (121).png,predictions/probabilities/busi_test_benign (121).npy
busi_test_benign (123),benign (123),unet,1003,0.9298514031816699,0.868899334117239,11.280366346113308,5.3837850408625165,predictions/masks/busi_test_benign (123).png,predictions/probabilities/busi_test_benign (123).npy
busi_test_benign (126),benign (126),unet,1003,0.880116162992285,0.7858995137798072,10.339033051364058,4.203572989750764,predictions/masks/busi_test_benign (126).png,predictions/probabilities/busi_test_benign (126).npy
busi_test_benign (128),benign (128),unet,1003,0.8981401650462109,0.8151128996240753,7.810249675906654,3.322093377150906,predictions/masks/busi_test_benign (128).png,predictions/probabilities/busi_test_benign (128).npy
busi_test_benign (139),benign (139),unet,1003,0.9405435488361907,0.8877604622667855,6.0,2.9429116342568973,predictions/masks/busi_test_benign (139).png,predictions/probabilities/busi_test_benign (139).npy
busi_test_benign (140),benign (140),unet,1003,0.9396747042547414,0.8862136063578421,18.973665961010276,7.16898067816077,predictions/masks/busi_test_benign (140).png,predictions/probabilities/busi_test_benign (140).npy
busi_test_benign (142),benign (142),unet,1003,0.9302276781037643,0.8695566889001656,5.0,8.350263102253619,predictions/masks/busi_test_benign (142).png,predictions/probabilities/busi_test_benign (142).npy
busi_test_benign (150),benign (150),unet,1003,0.7020580880995949,0.5409010077195939,11.0,7.875921856450675,predictions/masks/busi_test_benign (150).png,predictions/probabilities/busi_test_benign (150).npy
busi_test_benign (158),benign (158),unet,1003,0.9166099081155091,0.8460571265898509,193.4370505511933,26.469164119548974,predictions/masks/busi_test_benign (158).png,predictions/probabilities/busi_test_benign (158).npy
busi_test_benign (16),benign (16),unet,1003,0.8192335502563407,0.6938150643082114,137.45635012893172,27.5961156852729,predictions/masks/busi_test_benign (16).png,predictions/probabilities/busi_test_benign (16).npy
busi_test_benign (163),benign (163),unet,1003,0.5074472367617031,0.3399861293107807,231.18758540506934,98.8139629355843,predictions/masks/busi_test_benign (163).png,predictions/probabilities/busi_test_benign (163).npy
busi_test_benign (165),benign (165),unet,1003,0.8963308095545622,0.8121372031761406,5.0,8.454375399882512,predictions/masks/busi_test_benign (165).png,predictions/probabilities/busi_test_benign (165).npy
busi_test_benign (171),benign (171),unet,1003,0.901476141438329,0.820625000011211,4.0,1.6942099467891123,predictions/masks/busi_test_benign (171).png,predictions/probabilities/busi_test_benign (171).npy
busi_test_benign (172),benign (172),unet,1003,0.7366141519152368,0.5830476517005223,242.00702423432412,67.56740920564428,predictions/masks/busi_test_benign (172).png,predictions/probabilities/busi_test_benign (172).npy
busi_test_benign (18),benign (18),unet,1003,0.9225375050294843,0.8562131019278466,67.07756619478876,13.768226696561406,predictions/masks/busi_test_benign (18).png,predictions/probabilities/busi_test_benign (18).npy
busi_test_benign (183),benign (183),unet,1003,0.6099851065232793,0.4388335041513199,137.01276736296097,51.38708589299926,predictions/masks/busi_test_benign (183).png,predictions/probabilities/busi_test_benign (183).npy
busi_test_benign (184),benign (184),unet,1003,0.930871170975601,0.8706819474930071,10.816653826391969,4.806233245072708,predictions/masks/busi_test_benign (184).png,predictions/probabilities/busi_test_benign (184).npy
busi_test_benign (185),benign (185),unet,1003,0.849220582151342,0.7379525293757384,225.31233766906232,68.69587718660922,predictions/masks/busi_test_benign (185).png,predictions/probabilities/busi_test_benign (185).npy
busi_test_benign (189),benign (189),unet,1003,0.9215070643657475,0.8544395924361557,4.242640687119285,1.7769035058477933,predictions/masks/busi_test_benign (189).png,predictions/probabilities/busi_test_benign (189).npy
busi_test_benign (192),benign (192),unet,1003,0.9624786115866385,0.9276711037822161,5.385164807134504,1.6771418482664133,predictions/masks/busi_test_benign (192).png,predictions/probabilities/busi_test_benign (192).npy
busi_test_benign (193),benign (193),unet,1003,0.4759869651184573,0.31232473359988555,188.2046746183899,98.17600168091573,predictions/masks/busi_test_benign (193).png,predictions/probabilities/busi_test_benign (193).npy
busi_test_benign (197),benign (197),unet,1003,0.5250624479639878,0.3559896127429604,167.95549688403236,68.37603754162244,predictions/masks/busi_test_benign (197).png,predictions/probabilities/busi_test_benign (197).npy
busi_test_benign (20),benign (20),unet,1003,0.8783897120500532,0.7831505483576378,61.86419414281396,15.637702511933105,predictions/masks/busi_test_benign (20).png,predictions/probabilities/busi_test_benign (20).npy
busi_test_benign (201),benign (201),unet,1003,1.529051987744204e-11,1.529051987744204e-11,730.6243905044506,730.6243905044506,predictions/masks/busi_test_benign (201).png,predictions/probabilities/busi_test_benign (201).npy
busi_test_benign (204),benign (204),unet,1003,0.9302374522116719,0.8695737704926585,10.198039027185569,4.2128146706675675,predictions/masks/busi_test_benign (204).png,predictions/probabilities/busi_test_benign (204).npy
busi_test_benign (213),benign (213),unet,1003,0.9331132122670813,0.8746131482708936,9.848857801796104,3.3190737833994373,predictions/masks/busi_test_benign (213).png,predictions/probabilities/busi_test_benign (213).npy
busi_test_benign (226),benign (226),unet,1003,0.8662882787759617,0.764116893703992,10.198039027185569,5.252526973542045,predictions/masks/busi_test_benign (226).png,predictions/probabilities/busi_test_benign (226).npy
busi_test_benign (227),benign (227),unet,1003,0.8949516941087566,0.8098756310822574,138.7632550380564,23.188610912613132,predictions/masks/busi_test_benign (227).png,predictions/probabilities/busi_test_benign (227).npy
busi_test_benign (230),benign (230),unet,1003,0.6046033803791194,0.43328425186007125,206.41668710971766,53.48906459708268,predictions/masks/busi_test_benign (230).png,predictions/probabilities/busi_test_benign (230).npy
busi_test_benign (24),benign (24),unet,1003,0.9245316681541077,0.8596549435988776,6.708203932499369,3.049738629755138,predictions/masks/busi_test_benign (24).png,predictions/probabilities/busi_test_benign (24).npy
busi_test_benign (242),benign (242),unet,1003,4.349717268358635e-12,4.349717268358635e-12,248.8714527622644,173.89922084371696,predictions/masks/busi_test_benign (242).png,predictions/probabilities/busi_test_benign (242).npy
busi_test_benign (244),benign (244),unet,1003,0.876371852809261,0.7799482907242179,182.15487897638786,33.79859838432304,predictions/masks/busi_test_benign (244).png,predictions/probabilities/busi_test_benign (244).npy
busi_test_benign (246),benign (246),unet,1003,0.5810293492220113,0.4094724220800518,355.1396901759229,190.15051316211805,predictions/masks/busi_test_benign (246).png,predictions/probabilities/busi_test_benign (246).npy
busi_test_benign (249),benign (249),unet,1003,0.9138807579730197,0.8414184397178116,10.63014581273465,4.1812603799886485,predictions/masks/busi_test_benign (249).png,predictions/probabilities/busi_test_benign (249).npy
busi_test_benign (25),benign (25),unet,1003,0.8787759905854942,0.7837648705418647,10.099019513592784,3.1865313846972083,predictions/masks/busi_test_benign (25).png,predictions/probabilities/busi_test_benign (25).npy
busi_test_benign (257),benign (257),unet,1003,2.295157218216774e-11,2.295157218216774e-11,609.7155074294897,609.7155074294897,predictions/masks/busi_test_benign (257).png,predictions/probabilities/busi_test_benign (257).npy
busi_test_benign (263),benign (263),unet,1003,0.8944065484320655,0.8089832181670125,10.63014581273465,3.650371885752788,predictions/masks/busi_test_benign (263).png,predictions/probabilities/busi_test_benign (263).npy
busi_test_benign (276),benign (276),unet,1003,0.9507885687182145,0.9061934900545525,11.0,4.177440299976076,predictions/masks/busi_test_benign (276).png,predictions/probabilities/busi_test_benign (276).npy
busi_test_benign (282),benign (282),unet,1003,0.9305890081018517,0.8701883701892562,12.727922061357855,4.002525286916659,predictions/masks/busi_test_benign (282).png,predictions/probabilities/busi_test_benign (282).npy
busi_test_benign (292),benign (292),unet,1003,0.3313432835897664,0.198568872998506,43.254928042020296,21.51492857617053,predictions/masks/busi_test_benign (292).png,predictions/probabilities/busi_test_benign (292).npy
busi_test_benign (294),benign (294),unet,1003,7.1566592714008676e-12,7.1566592714008676e-12,281.7253967127409,190.4974050249273,predictions/masks/busi_test_benign (294).png,predictions/probabilities/busi_test_benign (294).npy
busi_test_benign (295),benign (295),unet,1003,0.9363344696213338,0.8802903195411416,8.584030561785656,2.7461046853622704,predictions/masks/busi_test_benign (295).png,predictions/probabilities/busi_test_benign (295).npy
busi_test_benign (298),benign (298),unet,1003,1.0733068584193054e-11,1.0733068584193054e-11,296.39247152423843,223.30087569003754,predictions/masks/busi_test_benign (298).png,predictions/probabilities/busi_test_benign (298).npy
busi_test_benign (30),benign (30),unet,1003,0.9140893470801312,0.8417721519024433,7.810249675906654,2.7966606375142615,predictions/masks/busi_test_benign (30).png,predictions/probabilities/busi_test_benign (30).npy
busi_test_benign (300),benign (300),unet,1003,0.9302191796584875,0.8695418369548853,10.295630140987,4.6435018403891455,predictions/masks/busi_test_benign (300).png,predictions/probabilities/busi_test_benign (300).npy
busi_test_benign (301),benign (301),unet,1003,0.869060190080831,0.768440709638801,4.012310562561762,4.523600401639897,predictions/masks/busi_test_benign (301).png,predictions/probabilities/busi_test_benign (301).npy
busi_test_benign (304),benign (304),unet,1003,5.049484952509344e-12,5.049484952509344e-12,606.5129841973707,606.5129841973707,predictions/masks/busi_test_benign (304).png,predictions/probabilities/busi_test_benign (304).npy
busi_test_benign (309),benign (309),unet,1003,0.2530270453782358,0.1448374141739282,179.35438990957942,88.04979176500623,predictions/masks/busi_test_benign (309).png,predictions/probabilities/busi_test_benign (309).npy
busi_test_benign (31),benign (31),unet,1003,0.8979591836763221,0.8148148148242104,5.0,2.0727881224590563,predictions/masks/busi_test_benign (31).png,predictions/probabilities/busi_test_benign (31).npy
busi_test_benign (313),benign (313),unet,1003,6.391001469889493e-12,6.391001469889493e-12,227.02858494208547,155.3349128974463,predictions/masks/busi_test_benign (313).png,predictions/probabilities/busi_test_benign (313).npy
busi_test_benign (324),benign (324),unet,1003,0.8852459016413455,0.7941176470652654,6.324555320336759,3.007470007403653,predictions/masks/busi_test_benign (324).png,predictions/probabilities/busi_test_benign (324).npy
busi_test_benign (326),benign (326),unet,1003,0.9323417523537276,0.8732586053723357,279.0412155936825,61.999884279886444,predictions/masks/busi_test_benign (326).png,predictions/probabilities/busi_test_benign (326).npy
busi_test_benign (330),benign (330),unet,1003,0.9716402778172852,0.9448447433890264,11.313708498984761,3.110848763832967,predictions/masks/busi_test_benign (330).png,predictions/probabilities/busi_test_benign (330).npy
busi_test_benign (341),benign (341),unet,1003,0.8886948930598983,0.7996857816185458,208.70612956406433,45.26323788352879,predictions/masks/busi_test_benign (341).png,predictions/probabilities/busi_test_benign (341).npy
busi_test_benign (342),benign (342),unet,1003,0.034545810750612964,0.01757650264309138,191.58026894253362,101.83407404297385,predictions/masks/busi_test_benign (342).png,predictions/probabilities/busi_test_benign (342).npy
busi_test_benign (343),benign (343),unet,1003,0.9506188211271992,0.9058851447560233,7.810249675906654,2.951380550565477,predictions/masks/busi_test_benign (343).png,predictions/probabilities/busi_test_benign (343).npy
busi_test_benign (345),benign (345),unet,1003,0.29465279141766704,0.17278170095814566,126.14434337769372,44.129699614266556,predictions/masks/busi_test_benign (345).png,predictions/probabilities/busi_test_benign (345).npy
busi_test_benign (346),benign (346),unet,1003,0.9093198295424355,0.8337181276168115,35.7341478509682,8.2817113719057,predictions/masks/busi_test_benign (346).png,predictions/probabilities/busi_test_benign (346).npy
busi_test_benign (348),benign (348),unet,1003,0.6823000321248116,0.517796196980443,289.2075379377239,126.65723231836593,predictions/masks/busi_test_benign (348).png,predictions/probabilities/busi_test_benign (348).npy
busi_test_benign (352),benign (352),unet,1003,0.9307692307704988,0.8705035971267385,4.242640687119285,3.3588955816983166,predictions/masks/busi_test_benign (352).png,predictions/probabilities/busi_test_benign (352).npy
busi_test_benign (355),benign (355),unet,1003,0.9139282917497706,0.8414990325292222,31.575306807693888,9.820999825865899,predictions/masks/busi_test_benign (355).png,predictions/probabilities/busi_test_benign (355).npy
busi_test_benign (366),benign (366),unet,1003,0.8771860432267914,0.7812389914962445,24.07903329786039,7.962281989560504,predictions/masks/busi_test_benign (366).png,predictions/probabilities/busi_test_benign (366).npy
busi_test_benign (37),benign (37),unet,1003,0.42394822006783195,0.2689938398407324,274.4915232642483,137.59282795360957,predictions/masks/busi_test_benign (37).png,predictions/probabilities/busi_test_benign (37).npy
busi_test_benign (374),benign (374),unet,1003,0.706853426720689,0.5466150870581581,15.177206068009372,6.5745809800749475,predictions/masks/busi_test_benign (374).png,predictions/probabilities/busi_test_benign (374).npy
busi_test_benign (39),benign (39),unet,1003,0.9234819812413734,0.8578416386447899,8.246211251235321,2.8358570324695154,predictions/masks/busi_test_benign (39).png,predictions/probabilities/busi_test_benign (39).npy
busi_test_benign (390),benign (390),unet,1003,0.9504071831282606,0.9055008455196907,5.0990195135927845,4.622723625991267,predictions/masks/busi_test_benign (390).png,predictions/probabilities/busi_test_benign (390).npy
busi_test_benign (399),benign (399),unet,1003,0.9285278302573339,0.8665907118059174,13.94629120788809,6.428263759335955,predictions/masks/busi_test_benign (399).png,predictions/probabilities/busi_test_benign (399).npy
busi_test_benign (409),benign (409),unet,1003,0.32317836720813753,0.1927327038778485,139.47616252293048,61.090582676235776,predictions/masks/busi_test_benign (409).png,predictions/probabilities/busi_test_benign (409).npy
busi_test_benign (412),benign (412),unet,1003,0.8517275720112872,0.7417469506807154,162.78820561330906,45.729434502409816,predictions/masks/busi_test_benign (412).png,predictions/probabilities/busi_test_benign (412).npy
busi_test_benign (416),benign (416),unet,1003,0.07041552625609346,0.036492585434967806,215.45869623881552,81.19157504697704,predictions/masks/busi_test_benign (416).png,predictions/probabilities/busi_test_benign (416).npy
busi_test_benign (426),benign (426),unet,1003,0.9047564944830112,0.8260779360257923,59.060545427004776,16.021007267646436,predictions/masks/busi_test_benign (426).png,predictions/probabilities/busi_test_benign (426).npy
busi_test_benign (43),benign (43),unet,1003,0.8875050220994877,0.7977609245287915,6.0,2.727804385271366,predictions/masks/busi_test_benign (43).png,predictions/probabilities/busi_test_benign (43).npy
busi_test_benign (432),benign (432),unet,1003,0.9685003976350455,0.9389246446772666,5.0,1.6406975409527462,predictions/masks/busi_test_benign (432).png,predictions/probabilities/busi_test_benign (432).npy
busi_test_benign (435),benign (435),unet,1003,0.9428982098530916,0.8919653893722629,4.242640687119285,1.7653916311299178,predictions/masks/busi_test_benign (435).png,predictions/probabilities/busi_test_benign (435).npy
busi_test_benign (47),benign (47),unet,1003,0.8218347232785854,0.6975546975644288,10.0,4.5842374360023435,predictions/masks/busi_test_benign (47).png,predictions/probabilities/busi_test_benign (47).npy
busi_test_benign (54),benign (54),unet,1003,0.9316923076924634,0.8721198156687484,9.044308110509931,3.8485320676918895,predictions/masks/busi_test_benign (54).png,predictions/probabilities/busi_test_benign (54).npy
busi_test_benign (55),benign (55),unet,1003,0.8788732394373615,0.7839195979923101,16.974978336205567,5.715959988308628,predictions/masks/busi_test_benign (55).png,predictions/probabilities/busi_test_benign (55).npy
busi_test_benign (56),benign (56),unet,1003,0.9332463643507223,0.874847137298847,18.0,5.74001892814678,predictions/masks/busi_test_benign (56).png,predictions/probabilities/busi_test_benign (56).npy
busi_test_benign (57),benign (57),unet,1003,0.9220870051766389,0.8554373215713617,5.0,2.289331591145598,predictions/masks/busi_test_benign (57).png,predictions/probabilities/busi_test_benign (57).npy
busi_test_benign (60),benign (60),unet,1003,0.44388280446088285,0.2852502406245759,532.2814568462622,268.72481462359326,predictions/masks/busi_test_benign (60).png,predictions/probabilities/busi_test_benign (60).npy
busi_test_benign (70),benign (70),unet,1003,0.9372883651640622,0.8819780780045379,5.0990195135927845,1.6484069094073028,predictions/masks/busi_test_benign (70).png,predictions/probabilities/busi_test_benign (70).npy
busi_test_benign (73),benign (73),unet,1003,0.8391530253088262,0.722879969198635,77.72511020558417,18.641096696954033,predictions/masks/busi_test_benign (73).png,predictions/probabilities/busi_test_benign (73).npy
busi_test_benign (75),benign (75),unet,1003,0.806822594617777,0.6761966753471049,191.42125138277515,66.62700943132927,predictions/masks/busi_test_benign (75).png,predictions/probabilities/busi_test_benign (75).npy
busi_test_benign (92),benign (92),unet,1003,0.7244927083195503,0.5680035802583582,206.20754053613854,53.95398839396719,predictions/masks/busi_test_benign (92).png,predictions/probabilities/busi_test_benign (92).npy
busi_test_benign (95),benign (95),unet,1003,0.6766809728216157,0.5113513513588981,265.09052737318035,97.94966223886932,predictions/masks/busi_test_benign (95).png,predictions/probabilities/busi_test_benign (95).npy
busi_test_malignant (10),malignant (10),unet,1003,0.7419602678109761,0.5897749084001086,27.91415183321716,8.046793259267103,predictions/masks/busi_test_malignant (10).png,predictions/probabilities/busi_test_malignant (10).npy
busi_test_malignant (106),malignant (106),unet,1003,4.431445537514706e-12,4.431445537514706e-12,222.1800495969093,112.06493569904397,predictions/masks/busi_test_malignant (106).png,predictions/probabilities/busi_test_malignant (106).npy
busi_test_malignant (119),malignant (119),unet,1003,0.921197351333278,0.8539072020929943,18.403785722157668,6.448348387880393,predictions/masks/busi_test_malignant (119).png,predictions/probabilities/busi_test_malignant (119).npy
busi_test_malignant (123),malignant (123),unet,1003,0.912624108454573,0.8392903645838565,25.0,6.2567322554779015,predictions/masks/busi_test_malignant (123).png,predictions/probabilities/busi_test_malignant (123).npy
busi_test_malignant (128),malignant (128),unet,1003,0.8042617960427283,0.6726069246438933,93.30962394628281,31.504489268931945,predictions/masks/busi_test_malignant (128).png,predictions/probabilities/busi_test_malignant (128).npy
busi_test_malignant (129),malignant (129),unet,1003,0.7906627819746852,0.6537984361929525,85.44413375304774,30.319435762926172,predictions/masks/busi_test_malignant (129).png,predictions/probabilities/busi_test_malignant (129).npy
busi_test_malignant (131),malignant (131),unet,1003,0.8529453114021758,0.7435960289266846,249.4077973246325,79.89219228656602,predictions/masks/busi_test_malignant (131).png,predictions/probabilities/busi_test_malignant (131).npy
busi_test_malignant (137),malignant (137),unet,1003,0.2714017756676969,0.15700685783976095,57.459546490679884,29.140039144349906,predictions/masks/busi_test_malignant (137).png,predictions/probabilities/busi_test_malignant (137).npy
busi_test_malignant (160),malignant (160),unet,1003,0.1509637643795193,0.08164456784156096,94.92101980067429,43.989991794534575,predictions/masks/busi_test_malignant (160).png,predictions/probabilities/busi_test_malignant (160).npy
busi_test_malignant (166),malignant (166),unet,1003,0.685175054706748,0.5211150405708226,24.911716583211632,13.457991663751441,predictions/masks/busi_test_malignant (166).png,predictions/probabilities/busi_test_malignant (166).npy
busi_test_malignant (167),malignant (167),unet,1003,0.8188586044142118,0.6932773734582113,148.48905683584903,33.275776265587,predictions/masks/busi_test_malignant (167).png,predictions/probabilities/busi_test_malignant (167).npy
busi_test_malignant (171),malignant (171),unet,1003,0.8532130705529736,0.7440031348846978,43.180701470824104,13.295077556261463,predictions/masks/busi_test_malignant (171).png,predictions/probabilities/busi_test_malignant (171).npy
busi_test_malignant (175),malignant (175),unet,1003,0.702817603100246,0.5418032227237098,82.0,30.021074694304122,predictions/masks/busi_test_malignant (175).png,predictions/probabilities/busi_test_malignant (175).npy
busi_test_malignant (198),malignant (198),unet,1003,0.0126598184289689,0.006370232206809083,286.7524142266556,156.13022287106395,predictions/masks/busi_test_malignant (198).png,predictions/probabilities/busi_test_malignant (198).npy
busi_test_malignant (20),malignant (20),unet,1003,0.5095242044738748,0.34185339071200876,88.52344198932309,34.64143632878693,predictions/masks/busi_test_malignant (20).png,predictions/probabilities/busi_test_malignant (20).npy
busi_test_malignant (200),malignant (200),unet,1003,0.37097886029773103,0.22773115170866962,106.6703291122116,36.81346237475102,predictions/masks/busi_test_malignant (200).png,predictions/probabilities/busi_test_malignant (200).npy
busi_test_malignant (208),malignant (208),unet,1003,0.6754240588295363,0.5099172028090128,116.50300424935432,46.10714798924008,predictions/masks/busi_test_malignant (208).png,predictions/probabilities/busi_test_malignant (208).npy
busi_test_malignant (25),malignant (25),unet,1003,0.7053761131524892,0.5448502227704701,77.74957385534607,29.592735633743846,predictions/masks/busi_test_malignant (25).png,predictions/probabilities/busi_test_malignant (25).npy
busi_test_malignant (29),malignant (29),unet,1003,0.8397957489207907,0.7238344008306369,166.7899155278895,44.1491465124425,predictions/masks/busi_test_malignant (29).png,predictions/probabilities/busi_test_malignant (29).npy
busi_test_malignant (33),malignant (33),unet,1003,0.7329023196251699,0.5784102764743441,69.8562664558496,26.761812560916514,predictions/masks/busi_test_malignant (33).png,predictions/probabilities/busi_test_malignant (33).npy
busi_test_malignant (37),malignant (37),unet,1003,0.49051681110816,0.3249567896605922,124.2875557662925,50.133325267243556,predictions/masks/busi_test_malignant (37).png,predictions/probabilities/busi_test_malignant (37).npy
busi_test_malignant (42),malignant (42),unet,1003,0.8810522103726908,0.7873934946209733,40.06078810084934,8.339420596636463,predictions/masks/busi_test_malignant (42).png,predictions/probabilities/busi_test_malignant (42).npy
busi_test_malignant (49),malignant (49),unet,1003,0.8301694049549384,0.7096492504744111,26.925410782277723,9.76661864022675,predictions/masks/busi_test_malignant (49).png,predictions/probabilities/busi_test_malignant (49).npy
busi_test_malignant (53),malignant (53),unet,1003,0.8515612887225912,0.7414947618547278,37.0,9.546714877380111,predictions/masks/busi_test_malignant (53).png,predictions/probabilities/busi_test_malignant (53).npy
busi_test_malignant (54),malignant (54),unet,1003,0.8970300133220417,0.8132859680290825,22.86258738583254,7.2054184602639175,predictions/masks/busi_test_malignant (54).png,predictions/probabilities/busi_test_malignant (54).npy
busi_test_malignant (6),malignant (6),unet,1003,0.5253583558832229,0.35626171143538204,87.6823812877762,21.214704708151125,predictions/masks/busi_test_malignant (6).png,predictions/probabilities/busi_test_malignant (6).npy
busi_test_malignant (60),malignant (60),unet,1003,0.017350258341810695,0.008751045622854463,247.08207106660166,108.94585238471042,predictions/masks/busi_test_malignant (60).png,predictions/probabilities/busi_test_malignant (60).npy
busi_test_malignant (65),malignant (65),unet,1003,0.849310785106055,0.7380887681171282,33.56484989062725,9.541346474144158,predictions/masks/busi_test_malignant (65).png,predictions/probabilities/busi_test_malignant (65).npy
busi_test_malignant (70),malignant (70),unet,1003,0.8838111661999698,0.791811510236761,18.384776310850235,7.333965788629715,predictions/masks/busi_test_malignant (70).png,predictions/probabilities/busi_test_malignant (70).npy
busi_test_malignant (71),malignant (71),unet,1003,0.39818937212504574,0.24858704593195455,110.47284704711723,57.25958991342358,predictions/masks/busi_test_malignant (71).png,predictions/probabilities/busi_test_malignant (71).npy
busi_test_malignant (72),malignant (72),unet,1003,0.3120888214610633,0.1848964717040211,139.0898989862312,73.876753687262,predictions/masks/busi_test_malignant (72).png,predictions/probabilities/busi_test_malignant (72).npy
busi_test_malignant (73),malignant (73),unet,1003,0.8270983967314938,0.7051728759072172,24.00104121494643,7.99863676428333,predictions/masks/busi_test_malignant (73).png,predictions/probabilities/busi_test_malignant (73).npy
busi_test_malignant (75),malignant (75),unet,1003,0.007941696329367469,0.003986678661535876,241.7076721842131,102.87183812986298,predictions/masks/busi_test_malignant (75).png,predictions/probabilities/busi_test_malignant (75).npy
busi_test_malignant (83),malignant (83),unet,1003,0.7104193590685501,0.5508917678511854,100.49020788831359,23.01678880466376,predictions/masks/busi_test_malignant (83).png,predictions/probabilities/busi_test_malignant (83).npy
busi_test_malignant (85),malignant (85),unet,1003,0.8842002503523951,0.7924363225854901,40.60356691700468,12.08761706735245,predictions/masks/busi_test_malignant (85).png,predictions/probabilities/busi_test_malignant (85).npy
busi_test_malignant (89),malignant (89),unet,1003,0.5513384480035245,0.3805847178342502,176.80168282609662,59.55140880204469,predictions/masks/busi_test_malignant (89).png,predictions/probabilities/busi_test_malignant (89).npy
busi_test_malignant (9),malignant (9),unet,1003,0.8292802993018151,0.708350853589199,19.06563538249162,8.266282944237966,predictions/masks/busi_test_malignant (9).png,predictions/probabilities/busi_test_malignant (9).npy
busi_test_malignant (92),malignant (92),unet,1003,0.7707444154986677,0.6270009469286784,43.911223125025614,15.57924327255621,predictions/masks/busi_test_malignant (92).png,predictions/probabilities/busi_test_malignant (92).npy
busi_test_malignant (93),malignant (93),unet,1003,0.9206557939424527,0.8529770102769018,24.166091947189145,7.0926936469410595,predictions/masks/busi_test_malignant (93).png,predictions/probabilities/busi_test_malignant (93).npy
busi_test_malignant (94),malignant (94),unet,1003,0.8145152127975931,0.6870735260298876,94.8060822009573,19.338295044362297,predictions/masks/busi_test_malignant (94).png,predictions/probabilities/busi_test_malignant (94).npy
busi_test_malignant (96),malignant (96),unet,1003,0.3942222222230636,0.24550235261686013,191.65606717229747,59.725880638112265,predictions/masks/busi_test_malignant (96).png,predictions/probabilities/busi_test_malignant (96).npy
busi_test_malignant (99),malignant (99),unet,1003,0.6140997734458082,0.4431053272681383,62.41517165557441,20.967252041170394,predictions/masks/busi_test_malignant (99).png,predictions/probabilities/busi_test_malignant (99).npy
