sample_id,source_id,probability_path,prediction_path,dice,miou,hd95,assd
busi_test_benign (101),benign (101),probabilities/busi_test_benign (101).npy,masks/busi_test_benign (101).png,0.9489932885917451,0.9029374201829315,3.1622776601683795,1.1271016123667477
busi_test_benign (104),benign (104),probabilities/busi_test_benign (104).npy,masks/busi_test_benign (104).png,0.14118065434363927,0.07595178879487309,292.52110982075607,159.54332109952588
busi_test_benign (109),benign (109),probabilities/busi_test_benign (109).npy,masks/busi_test_benign (109).png,0.8264807969076771,0.7042754773255216,87.32323476375002,15.431293357780126
busi_test_benign (121),benign (121),probabilities/busi_test_benign (121).npy,masks/busi_test_benign (121).png,0.9533839016131277,0.910920349002098,6.082762530298219,1.9825635267578274
busi_test_benign (123),benign (123),probabilities/busi_test_benign (123).npy,masks/busi_test_benign (123).png,0.9347234814146944,0.877446808511942,6.4031242374328485,2.9754366553876936
busi_test_benign (126),benign (126),probabilities/busi_test_benign (126).npy,masks/busi_test_benign (126).png,0.5297774869186882,0.36033830404272565,116.54586918349843,36.305742705954124
busi_test_benign (128),benign (128),probabilities/busi_test_benign (128).npy,masks/busi_test_benign (128).png,0.9060133630310465,0.8281758957724685,5.385164807134504,2.1474603988519543
busi_test_benign (139),benign (139),probabilities/busi_test_benign (139).npy,masks/busi_test_benign (139).png,0.9618669146870562,0.9265352663312179,2.8284271247461903,1.362905207897213
busi_test_benign (140),benign (140),probabilities/busi_test_benign (140).npy,masks/busi_test_benign (140).png,0.9667531738795561,0.9356459167743681,9.848857801796104,2.6910850536823547
busi_test_benign (142),benign (142),probabilities/busi_test_benign (142).npy,masks/busi_test_benign (142).png,0.9475157452782534,0.9002659574534397,3.0,0.9262534226425477
busi_test_benign (150),benign (150),probabilities/busi_test_benign (150).npy,masks/busi_test_benign (150).png,0.7425587467497359,0.590531561495803,7.017766952966369,4.0164588057523725
busi_test_benign (158),benign (158),probabilities/busi_test_benign (158).npy,masks/busi_test_benign (158).png,0.9101648351650409,0.835139904210423,35.0,8.62054476480494
busi_test_benign (16),benign (16),probabilities/busi_test_benign (16).npy,masks/busi_test_benign (16).png,0.9372197309440501,0.8818565400926964,2.8284271247461903,1.1304315846006765
busi_test_benign (163),benign (163),probabilities/busi_test_benign (163).npy,masks/busi_test_benign (163).png,0.6601007787526316,0.492649572666918,131.0223253175584,27.003020304949896
busi_test_benign (165),benign (165),probabilities/busi_test_benign (165).npy,masks/busi_test_benign (165).png,0.710539845773237,0.5510366826514325,90.7895916326498,26.14829666037382
busi_test_benign (171),benign (171),probabilities/busi_test_benign (171).npy,masks/busi_test_benign (171).png,0.9019859064764904,0.8214702450616721,4.0,1.2262746411217864
busi_test_benign (172),benign (172),probabilities/busi_test_benign (172).npy,masks/busi_test_benign (172).png,0.836802413275463,0.7193983402562396,15.172223422037208,4.840050615252814
busi_test_benign (18),benign (18),probabilities/busi_test_benign (18).npy,masks/busi_test_benign (18).png,0.9219152281721668,0.855141684831853,56.56315858195346,9.408078068069086
busi_test_benign (183),benign (183),probabilities/busi_test_benign (183).npy,masks/busi_test_benign (183).png,0.5734338445652863,0.4019679300509487,31.0,11.070361104743464
busi_test_benign (184),benign (184),probabilities/busi_test_benign (184).npy,masks/busi_test_benign (184).png,0.9068367900407913,0.829552972309661,13.0,5.473181840793789
busi_test_benign (185),benign (185),probabilities/busi_test_benign (185).npy,masks/busi_test_benign (185).png,0.8385744234885443,0.7220216606749077,6.324555320336759,2.57560499090077
busi_test_benign (189),benign (189),probabilities/busi_test_benign (189).npy,masks/busi_test_benign (189).png,0.951435661114802,0.907369844495783,2.0,0.8196263982038748
busi_test_benign (192),benign (192),probabilities/busi_test_benign (192).npy,masks/busi_test_benign (192).png,0.9548704200183772,0.9136383069706362,4.47213595499958,1.498243989143797
busi_test_benign (193),benign (193),probabilities/busi_test_benign (193).npy,masks/busi_test_benign (193).png,0.4386287113645756,0.28092530877708444,109.21537864107444,61.4468882409588
busi_test_benign (197),benign (197),probabilities/busi_test_benign (197).npy,masks/busi_test_benign (197).png,0.5002066969891111,0.33351708931764945,115.61400879531013,49.36150224401664
busi_test_benign (20),benign (20),probabilities/busi_test_benign (20).npy,masks/busi_test_benign (20).png,0.6985624183209355,0.5367621376219284,111.1950980826572,36.81831928345171
busi_test_benign (201),benign (201),probabilities/busi_test_benign (201).npy,masks/busi_test_benign (201).png,2.7548209365632282e-11,2.7548209365632282e-11,543.0580079512685,543.0580079512685
busi_test_benign (204),benign (204),probabilities/busi_test_benign (204).npy,masks/busi_test_benign (204).png,0.8900992024905006,0.8019628461291977,13.038404810405298,4.850129178966203
busi_test_benign (213),benign (213),probabilities/busi_test_benign (213).npy,masks/busi_test_benign (213).png,0.9361621876479381,0.8799858181194826,5.113326778269857,2.2937648429136925
busi_test_benign (226),benign (226),probabilities/busi_test_benign (226).npy,masks/busi_test_benign (226).png,0.9001249857982032,0.8183884297558184,6.0,2.9508606285788628
busi_test_benign (227),benign (227),probabilities/busi_test_benign (227).npy,masks/busi_test_benign (227).png,0.940853179796639,0.8883123301238371,4.123105625617661,1.5183261599228435
busi_test_benign (230),benign (230),probabilities/busi_test_benign (230).npy,masks/busi_test_benign (230).png,0.6142799078733041,0.44329292139588516,149.49780103093983,40.51634502695383
busi_test_benign (24),benign (24),probabilities/busi_test_benign (24).npy,masks/busi_test_benign (24).png,0.9379668723621636,0.883180428138129,4.0,1.639970724676437
busi_test_benign (242),benign (242),probabilities/busi_test_benign (242).npy,masks/busi_test_benign (242).png,8.488964346277682e-12,8.488964346277682e-12,227.89086611186022,154.70461770700422
busi_test_benign (244),benign (244),probabilities/busi_test_benign (244).npy,masks/busi_test_benign (244).png,0.9161566707479168,0.8452851496373437,91.2343109209459,12.581294445570283
busi_test_benign (246),benign (246),probabilities/busi_test_benign (246).npy,masks/busi_test_benign (246).png,0.8598277212271015,0.7541208791377665,5.830951894845301,2.461804690387015
busi_test_benign (249),benign (249),probabilities/busi_test_benign (249).npy,masks/busi_test_benign (249).png,0.9194017998946572,0.8508266993282201,8.48528137423857,3.428865736506991
busi_test_benign (25),benign (25),probabilities/busi_test_benign (25).npy,masks/busi_test_benign (25).png,0.8687804878080785,0.7680034497728331,7.0,2.053323342272457
busi_test_benign (257),benign (257),probabilities/busi_test_benign (257).npy,masks/busi_test_benign (257).png,2.8743891922140158e-11,2.8743891922140158e-11,543.0580079512685,543.0580079512685
busi_test_benign (263),benign (263),probabilities/busi_test_benign (263).npy,masks/busi_test_benign (263).png,0.921518987342636,0.8544600938996845,6.0,2.343347163103688
busi_test_benign (276),benign (276),probabilities/busi_test_benign (276).npy,masks/busi_test_benign (276).png,0.9567551794573774,0.9170955471027238,7.211102550927978,2.774253298330778
busi_test_benign (282),benign (282),probabilities/busi_test_benign (282).npy,masks/busi_test_benign (282).png,0.9001843560712393,0.8184865900404874,11.180339887498949,4.395652158705385
busi_test_benign (292),benign (292),probabilities/busi_test_benign (292).npy,masks/busi_test_benign (292).png,0.7383424964392349,0.5852162685670559,45.50784118194765,12.682240586069872
busi_test_benign (294),benign (294),probabilities/busi_test_benign (294).npy,masks/busi_test_benign (294).png,0.19624599420726194,0.10879864636963792,107.18085737922868,45.46082040457145
busi_test_benign (295),benign (295),probabilities/busi_test_benign (295).npy,masks/busi_test_benign (295).png,0.9223622247682172,0.8559111846007332,8.126641474326403,3.143448947919015
busi_test_benign (298),benign (298),probabilities/busi_test_benign (298).npy,masks/busi_test_benign (298).png,1.1495574203799336e-11,1.1495574203799336e-11,225.64285839625268,164.27486378744888
busi_test_benign (30),benign (30),probabilities/busi_test_benign (30).npy,masks/busi_test_benign (30).png,0.9261775362335558,0.8625052720429143,4.47213595499958,1.6623225856160615
busi_test_benign (300),benign (300),probabilities/busi_test_benign (300).npy,masks/busi_test_benign (300).png,0.9201621073964196,0.8521298555085248,11.970469991071923,4.906703920428185
busi_test_benign (301),benign (301),probabilities/busi_test_benign (301).npy,masks/busi_test_benign (301).png,0.6088480070254557,0.43765743076589053,105.30621981387579,33.150104505442705
busi_test_benign (304),benign (304),probabilities/busi_test_benign (304).npy,masks/busi_test_benign (304).png,6.155361319671578e-12,6.155361319671578e-12,543.0580079512685,543.0580079512685
busi_test_benign (309),benign (309),probabilities/busi_test_benign (309).npy,masks/busi_test_benign (309).png,0.2793998377960856,0.16238510488144375,129.3560976529518,58.676295683367776
busi_test_benign (31),benign (31),probabilities/busi_test_benign (31).npy,masks/busi_test_benign (31).png,0.9089979550148775,0.833177132161839,5.0,1.3138396097752605
busi_test_benign (313),benign (313),probabilities/busi_test_benign (313).npy,masks/busi_test_benign (313).png,1.3383297644360501e-11,1.3383297644360501e-11,171.15928136312027,126.29629229494283
busi_test_benign (324),benign (324),probabilities/busi_test_benign (324).npy,masks/busi_test_benign (324).png,0.918747162963289,0.8497061293157256,3.605551275463989,1.2794687619391227
busi_test_benign (326),benign (326),probabilities/busi_test_benign (326).npy,masks/busi_test_benign (326).png,0.8941176470591488,0.8085106382989361,104.75494546832968,26.30868237643745
busi_test_benign (330),benign (330),probabilities/busi_test_benign (330).npy,masks/busi_test_benign (330).png,0.9723991507431672,0.9462809917357924,9.848857801796104,5.429350396287804
busi_test_benign (341),benign (341),probabilities/busi_test_benign (341).npy,masks/busi_test_benign (341).png,0.92458205428342,0.8597420732714812,116.3013260796856,17.884677246205385
busi_test_benign (342),benign (342),probabilities/busi_test_benign (342).npy,masks/busi_test_benign (342).png,0.1096722621926201,0.058017591342303734,87.68580254970914,49.97716080221627
busi_test_benign (343),benign (343),probabilities/busi_test_benign (343).npy,masks/busi_test_benign (343).png,0.7491264849768902,0.5988826815676933,32.03432561308605,10.148407377436621
busi_test_benign (345),benign (345),probabilities/busi_test_benign (345).npy,masks/busi_test_benign (345).png,0.5972704140736231,0.4257915567471705,87.46427842267951,30.981209419490835
busi_test_benign (346),benign (346),probabilities/busi_test_benign (346).npy,masks/busi_test_benign (346).png,0.927207364462051,0.8642931856046787,20.0,5.219123373948079
busi_test_benign (348),benign (348),probabilities/busi_test_benign (348).npy,masks/busi_test_benign (348).png,0.9216427311685149,0.8546728972030527,5.0,1.706461583150159
busi_test_benign (352),benign (352),probabilities/busi_test_benign (352).npy,masks/busi_test_benign (352).png,0.935159817353572,0.8782161235061055,2.8284271247461903,1.276045857094124
busi_test_benign (355),benign (355),probabilities/busi_test_benign (355).npy,masks/busi_test_benign (355).png,0.9741366923703861,0.949577477940382,4.123105625617661,1.7482779890472744
busi_test_benign (366),benign (366),probabilities/busi_test_benign (366).npy,masks/busi_test_benign (366).png,0.92851637764967,0.8665707606557582,9.211336491335102,3.4032545770583926
busi_test_benign (37),benign (37),probabilities/busi_test_benign (37).npy,masks/busi_test_benign (37).png,0.3806835998794239,0.23508907824133335,148.09118797012349,61.93739984481008
busi_test_benign (374),benign (374),probabilities/busi_test_benign (374).npy,masks/busi_test_benign (374).png,0.7529301453467919,0.6037593985260331,9.219544457292887,3.9622922377936396
busi_test_benign (39),benign (39),probabilities/busi_test_benign (39).npy,masks/busi_test_benign (39).png,0.9277210884363986,0.8651863600352845,7.0710678118654755,2.022278900879493
busi_test_benign (390),benign (390),probabilities/busi_test_benign (390).npy,masks/busi_test_benign (390).png,0.9524876019844427,0.9092852779502356,3.605551275463989,1.2530500760256038
busi_test_benign (399),benign (399),probabilities/busi_test_benign (399).npy,masks/busi_test_benign (399).png,0.9443216861327628,0.8945165148592579,9.486832980505138,3.811477068074448
busi_test_benign (409),benign (409),probabilities/busi_test_benign (409).npy,masks/busi_test_benign (409).png,0.3597407869621258,0.2193194734733632,121.59440736557015,42.818953142574685
busi_test_benign (412),benign (412),probabilities/busi_test_benign (412).npy,masks/busi_test_benign (412).png,0.8499700681307786,0.7390851703742289,97.49871794028884,27.110155595110797
busi_test_benign (416),benign (416),probabilities/busi_test_benign (416).npy,masks/busi_test_benign (416).png,2.260397829966989e-11,2.260397829966989e-11,543.0580079512685,543.0580079512685
busi_test_benign (426),benign (426),probabilities/busi_test_benign (426).npy,masks/busi_test_benign (426).png,0.864532291935472,0.7613887086312754,35.772892553038105,12.587998975571443
busi_test_benign (43),benign (43),probabilities/busi_test_benign (43).npy,masks/busi_test_benign (43).png,0.9239952248339038,0.8587278106613367,3.0,1.2425672210457677
busi_test_benign (432),benign (432),probabilities/busi_test_benign (432).npy,masks/busi_test_benign (432).png,0.9697862932941619,0.9413447782551431,4.0,1.41719033093295
busi_test_benign (435),benign (435),probabilities/busi_test_benign (435).npy,masks/busi_test_benign (435).png,0.7768505079866319,0.6351231088805955,23.021728866442675,5.845921308128718
busi_test_benign (47),benign (47),probabilities/busi_test_benign (47).npy,masks/busi_test_benign (47).png,0.8562217924012752,0.7485907553834734,5.0,1.9180774881815414
busi_test_benign (54),benign (54),probabilities/busi_test_benign (54).npy,masks/busi_test_benign (54).png,0.9452586403691492,0.8961994632508337,5.830951894845301,2.2245131979466204
busi_test_benign (55),benign (55),probabilities/busi_test_benign (55).npy,masks/busi_test_benign (55).png,0.952708824063187,0.9096885813180039,2.8284271247461903,1.2154790106054665
busi_test_benign (56),benign (56),probabilities/busi_test_benign (56).npy,masks/busi_test_benign (56).png,0.8924149956414275,0.8057304785914595,114.1410966140078,16.900060643701526
busi_test_benign (57),benign (57),probabilities/busi_test_benign (57).npy,masks/busi_test_benign (57).png,0.9318068690907962,0.8723205964644772,85.32877591996736,8.409106015141012
busi_test_benign (60),benign (60),probabilities/busi_test_benign (60).npy,masks/busi_test_benign (60).png,0.23074474858003272,0.13041914014876022,150.88074761214565,92.10444854073218
busi_test_benign (70),benign (70),probabilities/busi_test_benign (70).npy,masks/busi_test_benign (70).png,0.8881228455064831,0.798759864723858,4.0,2.0830607254920217
busi_test_benign (73),benign (73),probabilities/busi_test_benign (73).npy,masks/busi_test_benign (73).png,0.8430919446707191,0.7287458504480708,54.60585745144939,14.07752329414192
busi_test_benign (75),benign (75),probabilities/busi_test_benign (75).npy,masks/busi_test_benign (75).png,0.9471429962041551,0.8995931952681289,5.0,1.8672874348034292
busi_test_benign (92),benign (92),probabilities/busi_test_benign (92).npy,masks/busi_test_benign (92).png,0.6560119374866252,0.4881084555630918,121.29405941528604,29.32580835280722
busi_test_benign (95),benign (95),probabilities/busi_test_benign (95).npy,masks/busi_test_benign (95).png,0.5666666666733539,0.3953488372223224,135.71955667939463,65.55320243521726
busi_test_malignant (10),malignant (10),probabilities/busi_test_malignant (10).npy,masks/busi_test_malignant (10).png,0.6817797803480459,0.5171971801000385,28.710369202352943,8.800621822953342
busi_test_malignant (106),malignant (106),probabilities/busi_test_malignant (106).npy,masks/busi_test_malignant (106).png,7.72081531803798e-12,7.72081531803798e-12,137.48450124395748,74.07891292564413
busi_test_malignant (119),malignant (119),probabilities/busi_test_malignant (119).npy,masks/busi_test_malignant (119).png,0.8896954130492485,0.8013075182308207,16.1245154965971,6.956991937593838
busi_test_malignant (123),malignant (123),probabilities/busi_test_malignant (123).npy,masks/busi_test_malignant (123).png,0.8802970814075,0.7861880743460713,23.94767572204787,7.775828628860521
busi_test_malignant (128),malignant (128),probabilities/busi_test_malignant (128).npy,masks/busi_test_malignant (128).png,0.8533947844104678,0.7442795242929026,44.666527046626605,14.930098450455965
busi_test_malignant (129),malignant (129),probabilities/busi_test_malignant (129).npy,masks/busi_test_malignant (129).png,0.8274198352031893,0.7056403135958386,56.85023761051805,17.63365298509908
busi_test_malignant (131),malignant (131),probabilities/busi_test_malignant (131).npy,masks/busi_test_malignant (131).png,0.6698108263917109,0.503545540501863,174.53824764130823,49.80655555994425
busi_test_malignant (137),malignant (137),probabilities/busi_test_malignant (137).npy,masks/busi_test_malignant (137).png,0.32243106300480323,0.19220137896889217,81.39778708368114,43.8497095504605
busi_test_malignant (160),malignant (160),probabilities/busi_test_malignant (160).npy,masks/busi_test_malignant (160).png,0.6504187921161063,0.4819412039213503,55.90169943749474,18.534870486404827
busi_test_malignant (166),malignant (166),probabilities/busi_test_malignant (166).npy,masks/busi_test_malignant (166).png,0.7047878938265345,0.5441486305392808,18.0609619369019,9.382510111373982
busi_test_malignant (167),malignant (167),probabilities/busi_test_malignant (167).npy,masks/busi_test_malignant (167).png,0.9415452469088107,0.8895469968453791,29.139315511529507,5.195211240291405
busi_test_malignant (171),malignant (171),probabilities/busi_test_malignant (171).npy,masks/busi_test_malignant (171).png,0.8610051993072945,0.7559342665871649,18.681541692269406,7.1263703790997734
busi_test_malignant (175),malignant (175),probabilities/busi_test_malignant (175).npy,masks/busi_test_malignant (175).png,0.6975735552696097,0.5355953559549528,61.69278566408288,21.162798153747605
busi_test_malignant (198),malignant (198),probabilities/busi_test_malignant (198).npy,masks/busi_test_malignant (198).png,0.11925421298272049,0.06340793838767908,152.6197878663249,51.06849099051983
busi_test_malignant (20),malignant (20),probabilities/busi_test_malignant (20).npy,masks/busi_test_malignant (20).png,0.49830926105665074,0.33183214635060804,93.68923458606272,25.164941197084772
busi_test_malignant (200),malignant (200),probabilities/busi_test_malignant (200).npy,masks/busi_test_malignant (200).png,0.33803066560898665,0.20339163823375223,116.38126310133778,34.31377607218451
busi_test_malignant (208),malignant (208),probabilities/busi_test_malignant (208).npy,masks/busi_test_malignant (208).png,0.46688429452380575,0.30453298003349194,76.43783908813131,32.5580534120941
busi_test_malignant (25),malignant (25),probabilities/busi_test_malignant (25).npy,masks/busi_test_malignant (25).png,0.6617192507660968,0.4944547331683708,76.09072362565601,25.66888956940817
busi_test_malignant (29),malignant (29),probabilities/busi_test_malignant (29).npy,masks/busi_test_malignant (29).png,0.8638487986661509,0.7603290808938811,83.95752330119733,13.661495143658225
busi_test_malignant (33),malignant (33),probabilities/busi_test_malignant (33).npy,masks/busi_test_malignant (33).png,0.7539430971935193,0.6050631359580573,58.85234572385014,17.494875072279076
busi_test_malignant (37),malignant (37),probabilities/busi_test_malignant (37).npy,masks/busi_test_malignant (37).png,0.5700178116484341,0.3986188193762657,79.78721308368836,31.032446210692154
busi_test_malignant (42),malignant (42),probabilities/busi_test_malignant (42).npy,masks/busi_test_malignant (42).png,0.9025981205088375,0.8224863993561229,20.024984394500787,6.380490046827727
busi_test_malignant (49),malignant (49),probabilities/busi_test_malignant (49).npy,masks/busi_test_malignant (49).png,0.8535185744496918,0.7444678609089096,15.0,5.339808074198739
busi_test_malignant (53),malignant (53),probabilities/busi_test_malignant (53).npy,masks/busi_test_malignant (53).png,0.755981437957235,0.6076930530025414,20.798995850754995,5.843050712644436
busi_test_malignant (54),malignant (54),probabilities/busi_test_malignant (54).npy,masks/busi_test_malignant (54).png,0.8881493598065985,0.7988027597423011,21.833948956730485,5.900260455328906
busi_test_malignant (6),malignant (6),probabilities/busi_test_malignant (6).npy,masks/busi_test_malignant (6).png,0.75985229130238,0.6127111197929053,24.172296336501095,9.310340627081983
busi_test_malignant (60),malignant (60),probabilities/busi_test_malignant (60).npy,masks/busi_test_malignant (60).png,0.19861656384670548,0.11025779401755881,111.40101626564166,43.668334405332295
busi_test_malignant (65),malignant (65),probabilities/busi_test_malignant (65).npy,masks/busi_test_malignant (65).png,0.6111004906671057,0.439988988810424,106.86439237381236,38.34900762827559
busi_test_malignant (70),malignant (70),probabilities/busi_test_malignant (70).npy,masks/busi_test_malignant (70).png,0.8235668384562985,0.7000540832915083,17.248133128331226,6.925685088658258
busi_test_malignant (71),malignant (71),probabilities/busi_test_malignant (71).npy,masks/busi_test_malignant (71).png,0.5506214528376276,0.37990175438770557,66.0331967615879,27.713820882143665
busi_test_malignant (72),malignant (72),probabilities/busi_test_malignant (72).npy,masks/busi_test_malignant (72).png,0.32709780865944343,0.19552715655091008,128.99379770409934,41.55511715524212
busi_test_malignant (73),malignant (73),probabilities/busi_test_malignant (73).npy,masks/busi_test_malignant (73).png,0.7567457072796734,0.6086813548239283,24.596747752497688,8.551549852754933
busi_test_malignant (75),malignant (75),probabilities/busi_test_malignant (75).npy,masks/busi_test_malignant (75).png,0.007678946890307831,0.0038542718209786963,209.3030099274477,91.35629587520684
busi_test_malignant (83),malignant (83),probabilities/busi_test_malignant (83).npy,masks/busi_test_malignant (83).png,0.7946643341362636,0.6592888243862546,78.71753200444842,14.84088428652828
busi_test_malignant (85),malignant (85),probabilities/busi_test_malignant (85).npy,masks/busi_test_malignant (85).png,0.949338381042609,0.9035624447620383,21.659850745344535,5.231398108932226
busi_test_malignant (89),malignant (89),probabilities/busi_test_malignant (89).npy,masks/busi_test_malignant (89).png,0.6623424117030847,0.49515093959683687,68.58132808241912,16.716934821095677
busi_test_malignant (9),malignant (9),probabilities/busi_test_malignant (9).npy,masks/busi_test_malignant (9).png,0.8489025938699504,0.7374724235766627,18.027756377319946,7.138111418694872
busi_test_malignant (92),malignant (92),probabilities/busi_test_malignant (92).npy,masks/busi_test_malignant (92).png,0.8197161488312255,0.6945076373123766,26.832815729997478,7.809409649962606
busi_test_malignant (93),malignant (93),probabilities/busi_test_malignant (93).npy,masks/busi_test_malignant (93).png,0.9616323015835966,0.9260999769641737,6.4031242374328485,2.830669067098642
busi_test_malignant (94),malignant (94),probabilities/busi_test_malignant (94).npy,masks/busi_test_malignant (94).png,0.8385741088183141,0.7220211941079024,66.51294992724453,12.51971693618051
busi_test_malignant (96),malignant (96),probabilities/busi_test_malignant (96).npy,masks/busi_test_malignant (96).png,0.4721071394174003,0.3089923067243379,129.95188746436793,33.14526642766198
busi_test_malignant (99),malignant (99),probabilities/busi_test_malignant (99).npy,masks/busi_test_malignant (99).png,0.5286761535185107,0.3593200469008286,49.535297599600156,18.431859612311253
